Analysis & Synthesis report for vector-multiplier-fpga
Tue Apr 28 19:56:56 2026
Quartus Prime Version 18.1.0 Build 625 09/12/2018 SJ Lite Edition


---------------------
; Table of Contents ;
---------------------
  1. Legal Notice
  2. Analysis & Synthesis Summary
  3. Analysis & Synthesis Settings
  4. Parallel Compilation
  5. Analysis & Synthesis Source Files Read
  6. Analysis & Synthesis Resource Usage Summary
  7. Analysis & Synthesis Resource Utilization by Entity
  8. Analysis & Synthesis RAM Summary
  9. Analysis & Synthesis DSP Block Usage Summary
 10. Analysis & Synthesis IP Cores Summary
 11. Registers Removed During Synthesis
 12. Removed Registers Triggering Further Register Optimizations
 13. General Register Statistics
 14. Inverted Register Statistics
 15. Multiplexer Restructuring Statistics (Restructuring Performed)
 16. Source assignments for memoryU:inst|altsyncram:altsyncram_component|altsyncram_goq3:auto_generated
 17. Source assignments for memoryV:inst2|altsyncram:altsyncram_component|altsyncram_hoq3:auto_generated
 18. Source assignments for sld_signaltap:auto_signaltap_0
 19. Parameter Settings for User Entity Instance: multiplier:inst1|lpm_mult:lpm_mult_component
 20. Parameter Settings for User Entity Instance: memoryU:inst|altsyncram:altsyncram_component
 21. Parameter Settings for User Entity Instance: clock_divider:inst5|lpm_counter:LPM_COUNTER_component
 22. Parameter Settings for User Entity Instance: address_counter:inst4|lpm_counter:LPM_COUNTER_component
 23. Parameter Settings for User Entity Instance: memoryV:inst2|altsyncram:altsyncram_component
 24. Parameter Settings for User Entity Instance: comparator:inst3|lpm_compare:LPM_COMPARE_component
 25. Parameter Settings for Inferred Entity Instance: sld_signaltap:auto_signaltap_0
 26. lpm_mult Parameter Settings by Entity Instance
 27. altsyncram Parameter Settings by Entity Instance
 28. Signal Tap Logic Analyzer Settings
 29. Post-Synthesis Netlist Statistics for Top Partition
 30. Post-Synthesis Netlist Statistics for Partition sld_signaltap:auto_signaltap_0
 31. Post-Synthesis Netlist Statistics for Partition sld_hub:auto_hub
 32. Elapsed Time Per Partition
 33. Connections to In-System Debugging Instance "auto_signaltap_0"
 34. Analysis & Synthesis Messages



----------------
; Legal Notice ;
----------------
Copyright (C) 2018  Intel Corporation. All rights reserved.
Your use of Intel Corporation's design tools, logic functions 
and other software and tools, and its AMPP partner logic 
functions, and any output files from any of the foregoing 
(including device programming or simulation files), and any 
associated documentation or information are expressly subject 
to the terms and conditions of the Intel Program License 
Subscription Agreement, the Intel Quartus Prime License Agreement,
the Intel FPGA IP License Agreement, or other applicable license
agreement, including, without limitation, that your use is for
the sole purpose of programming logic devices manufactured by
Intel and sold by Intel or its authorized distributors.  Please
refer to the applicable agreement for further details.



+----------------------------------------------------------------------------------+
; Analysis & Synthesis Summary                                                     ;
+------------------------------------+---------------------------------------------+
; Analysis & Synthesis Status        ; Successful - Tue Apr 28 19:56:56 2026       ;
; Quartus Prime Version              ; 18.1.0 Build 625 09/12/2018 SJ Lite Edition ;
; Revision Name                      ; vector-multiplier-fpga                      ;
; Top-level Entity Name              ; vector_multiplier_fpga                      ;
; Family                             ; MAX 10                                      ;
; Total logic elements               ; 733                                         ;
;     Total combinational functions  ; 476                                         ;
;     Dedicated logic registers      ; 552                                         ;
; Total registers                    ; 552                                         ;
; Total pins                         ; 19                                          ;
; Total virtual pins                 ; 0                                           ;
; Total memory bits                  ; 8,448                                       ;
; Embedded Multiplier 9-bit elements ; 1                                           ;
; Total PLLs                         ; 0                                           ;
; UFM blocks                         ; 0                                           ;
; ADC blocks                         ; 0                                           ;
+------------------------------------+---------------------------------------------+


+--------------------------------------------------------------------------------------------------------------------+
; Analysis & Synthesis Settings                                                                                      ;
+------------------------------------------------------------------+------------------------+------------------------+
; Option                                                           ; Setting                ; Default Value          ;
+------------------------------------------------------------------+------------------------+------------------------+
; Device                                                           ; 10M50DAF484C7G         ;                        ;
; Top-level entity name                                            ; vector_multiplier_fpga ; vector-multiplier-fpga ;
; Family name                                                      ; MAX 10                 ; Cyclone V              ;
; Use smart compilation                                            ; Off                    ; Off                    ;
; Enable parallel Assembler and Timing Analyzer during compilation ; On                     ; On                     ;
; Enable compact report table                                      ; Off                    ; Off                    ;
; Restructure Multiplexers                                         ; Auto                   ; Auto                   ;
; Create Debugging Nodes for IP Cores                              ; Off                    ; Off                    ;
; Preserve fewer node names                                        ; On                     ; On                     ;
; Intel FPGA IP Evaluation Mode                                    ; Enable                 ; Enable                 ;
; Verilog Version                                                  ; Verilog_2001           ; Verilog_2001           ;
; VHDL Version                                                     ; VHDL_1993              ; VHDL_1993              ;
; State Machine Processing                                         ; Auto                   ; Auto                   ;
; Safe State Machine                                               ; Off                    ; Off                    ;
; Extract Verilog State Machines                                   ; On                     ; On                     ;
; Extract VHDL State Machines                                      ; On                     ; On                     ;
; Ignore Verilog initial constructs                                ; Off                    ; Off                    ;
; Iteration limit for constant Verilog loops                       ; 5000                   ; 5000                   ;
; Iteration limit for non-constant Verilog loops                   ; 250                    ; 250                    ;
; Add Pass-Through Logic to Inferred RAMs                          ; On                     ; On                     ;
; Infer RAMs from Raw Logic                                        ; On                     ; On                     ;
; Parallel Synthesis                                               ; On                     ; On                     ;
; DSP Block Balancing                                              ; Auto                   ; Auto                   ;
; NOT Gate Push-Back                                               ; On                     ; On                     ;
; Power-Up Don't Care                                              ; On                     ; On                     ;
; Remove Redundant Logic Cells                                     ; Off                    ; Off                    ;
; Remove Duplicate Registers                                       ; On                     ; On                     ;
; Ignore CARRY Buffers                                             ; Off                    ; Off                    ;
; Ignore CASCADE Buffers                                           ; Off                    ; Off                    ;
; Ignore GLOBAL Buffers                                            ; Off                    ; Off                    ;
; Ignore ROW GLOBAL Buffers                                        ; Off                    ; Off                    ;
; Ignore LCELL Buffers                                             ; Off                    ; Off                    ;
; Ignore SOFT Buffers                                              ; On                     ; On                     ;
; Limit AHDL Integers to 32 Bits                                   ; Off                    ; Off                    ;
; Optimization Technique                                           ; Balanced               ; Balanced               ;
; Carry Chain Length                                               ; 70                     ; 70                     ;
; Auto Carry Chains                                                ; On                     ; On                     ;
; Auto Open-Drain Pins                                             ; On                     ; On                     ;
; Perform WYSIWYG Primitive Resynthesis                            ; Off                    ; Off                    ;
; Auto ROM Replacement                                             ; On                     ; On                     ;
; Auto RAM Replacement                                             ; On                     ; On                     ;
; Auto DSP Block Replacement                                       ; On                     ; On                     ;
; Auto Shift Register Replacement                                  ; Auto                   ; Auto                   ;
; Allow Shift Register Merging across Hierarchies                  ; Auto                   ; Auto                   ;
; Auto Clock Enable Replacement                                    ; On                     ; On                     ;
; Strict RAM Replacement                                           ; Off                    ; Off                    ;
; Allow Synchronous Control Signals                                ; On                     ; On                     ;
; Force Use of Synchronous Clear Signals                           ; Off                    ; Off                    ;
; Auto RAM Block Balancing                                         ; On                     ; On                     ;
; Auto RAM to Logic Cell Conversion                                ; Off                    ; Off                    ;
; Auto Resource Sharing                                            ; Off                    ; Off                    ;
; Allow Any RAM Size For Recognition                               ; Off                    ; Off                    ;
; Allow Any ROM Size For Recognition                               ; Off                    ; Off                    ;
; Allow Any Shift Register Size For Recognition                    ; Off                    ; Off                    ;
; Use LogicLock Constraints during Resource Balancing              ; On                     ; On                     ;
; Ignore translate_off and synthesis_off directives                ; Off                    ; Off                    ;
; Timing-Driven Synthesis                                          ; On                     ; On                     ;
; Report Parameter Settings                                        ; On                     ; On                     ;
; Report Source Assignments                                        ; On                     ; On                     ;
; Report Connectivity Checks                                       ; On                     ; On                     ;
; Ignore Maximum Fan-Out Assignments                               ; Off                    ; Off                    ;
; Synchronization Register Chain Length                            ; 2                      ; 2                      ;
; Power Optimization During Synthesis                              ; Normal compilation     ; Normal compilation     ;
; HDL message level                                                ; Level2                 ; Level2                 ;
; Suppress Register Optimization Related Messages                  ; Off                    ; Off                    ;
; Number of Removed Registers Reported in Synthesis Report         ; 5000                   ; 5000                   ;
; Number of Swept Nodes Reported in Synthesis Report               ; 5000                   ; 5000                   ;
; Number of Inverted Registers Reported in Synthesis Report        ; 100                    ; 100                    ;
; Clock MUX Protection                                             ; On                     ; On                     ;
; Auto Gated Clock Conversion                                      ; Off                    ; Off                    ;
; Block Design Naming                                              ; Auto                   ; Auto                   ;
; SDC constraint protection                                        ; Off                    ; Off                    ;
; Synthesis Effort                                                 ; Auto                   ; Auto                   ;
; Shift Register Replacement - Allow Asynchronous Clear Signal     ; On                     ; On                     ;
; Pre-Mapping Resynthesis Optimization                             ; Off                    ; Off                    ;
; Analysis & Synthesis Message Level                               ; Medium                 ; Medium                 ;
; Disable Register Merging Across Hierarchies                      ; Auto                   ; Auto                   ;
; Resource Aware Inference For Block RAM                           ; On                     ; On                     ;
+------------------------------------------------------------------+------------------------+------------------------+


+------------------------------------------+
; Parallel Compilation                     ;
+----------------------------+-------------+
; Processors                 ; Number      ;
+----------------------------+-------------+
; Number detected on machine ; 2           ;
; Maximum allowed            ; 2           ;
;                            ;             ;
; Average used               ; 1.00        ;
; Maximum used               ; 2           ;
;                            ;             ;
; Usage by Processor         ; % Time Used ;
;     Processor 1            ; 100.0%      ;
;     Processor 2            ;   0.0%      ;
+----------------------------+-------------+


+-------------------------------------------------------------------------------------------------------------------------------------------------------------------------------------------------------------------------------------------------------------------------------------------------+
; Analysis & Synthesis Source Files Read                                                                                                                                                                                                                                                          ;
+--------------------------------------------------------------------+-----------------+----------------------------------------------+---------------------------------------------------------------------------------------------------------------------------------------------+-------------+
; File Name with User-Entered Path                                   ; Used in Netlist ; File Type                                    ; File Name with Absolute Path                                                                                                                ; Library     ;
+--------------------------------------------------------------------+-----------------+----------------------------------------------+---------------------------------------------------------------------------------------------------------------------------------------------+-------------+
; multiplier.vhd                                                     ; yes             ; User Wizard-Generated File                   ; C:/Users/otavi/OneDrive/Documentos/Reconfiguravel/vector-multiplier-fpga/multiplier.vhd                                                     ;             ;
; vector_multiplier_fpga.bdf                                         ; yes             ; User Block Diagram/Schematic File            ; C:/Users/otavi/OneDrive/Documentos/Reconfiguravel/vector-multiplier-fpga/vector_multiplier_fpga.bdf                                         ;             ;
; comparator.vhd                                                     ; yes             ; User Wizard-Generated File                   ; C:/Users/otavi/OneDrive/Documentos/Reconfiguravel/vector-multiplier-fpga/comparator.vhd                                                     ;             ;
; lpm_mult.tdf                                                       ; yes             ; Megafunction                                 ; c:/intelfpga_lite/18.1/quartus/libraries/megafunctions/lpm_mult.tdf                                                                         ;             ;
; aglobal181.inc                                                     ; yes             ; Megafunction                                 ; c:/intelfpga_lite/18.1/quartus/libraries/megafunctions/aglobal181.inc                                                                       ;             ;
; lpm_add_sub.inc                                                    ; yes             ; Megafunction                                 ; c:/intelfpga_lite/18.1/quartus/libraries/megafunctions/lpm_add_sub.inc                                                                      ;             ;
; multcore.inc                                                       ; yes             ; Megafunction                                 ; c:/intelfpga_lite/18.1/quartus/libraries/megafunctions/multcore.inc                                                                         ;             ;
; bypassff.inc                                                       ; yes             ; Megafunction                                 ; c:/intelfpga_lite/18.1/quartus/libraries/megafunctions/bypassff.inc                                                                         ;             ;
; altshift.inc                                                       ; yes             ; Megafunction                                 ; c:/intelfpga_lite/18.1/quartus/libraries/megafunctions/altshift.inc                                                                         ;             ;
; db/mult_inm.tdf                                                    ; yes             ; Auto-Generated Megafunction                  ; C:/Users/otavi/OneDrive/Documentos/Reconfiguravel/vector-multiplier-fpga/db/mult_inm.tdf                                                    ;             ;
; memoryu.vhd                                                        ; yes             ; Auto-Found Wizard-Generated File             ; C:/Users/otavi/OneDrive/Documentos/Reconfiguravel/vector-multiplier-fpga/memoryu.vhd                                                        ;             ;
; altsyncram.tdf                                                     ; yes             ; Megafunction                                 ; c:/intelfpga_lite/18.1/quartus/libraries/megafunctions/altsyncram.tdf                                                                       ;             ;
; stratix_ram_block.inc                                              ; yes             ; Megafunction                                 ; c:/intelfpga_lite/18.1/quartus/libraries/megafunctions/stratix_ram_block.inc                                                                ;             ;
; lpm_mux.inc                                                        ; yes             ; Megafunction                                 ; c:/intelfpga_lite/18.1/quartus/libraries/megafunctions/lpm_mux.inc                                                                          ;             ;
; lpm_decode.inc                                                     ; yes             ; Megafunction                                 ; c:/intelfpga_lite/18.1/quartus/libraries/megafunctions/lpm_decode.inc                                                                       ;             ;
; a_rdenreg.inc                                                      ; yes             ; Megafunction                                 ; c:/intelfpga_lite/18.1/quartus/libraries/megafunctions/a_rdenreg.inc                                                                        ;             ;
; altrom.inc                                                         ; yes             ; Megafunction                                 ; c:/intelfpga_lite/18.1/quartus/libraries/megafunctions/altrom.inc                                                                           ;             ;
; altram.inc                                                         ; yes             ; Megafunction                                 ; c:/intelfpga_lite/18.1/quartus/libraries/megafunctions/altram.inc                                                                           ;             ;
; altdpram.inc                                                       ; yes             ; Megafunction                                 ; c:/intelfpga_lite/18.1/quartus/libraries/megafunctions/altdpram.inc                                                                         ;             ;
; db/altsyncram_goq3.tdf                                             ; yes             ; Auto-Generated Megafunction                  ; C:/Users/otavi/OneDrive/Documentos/Reconfiguravel/vector-multiplier-fpga/db/altsyncram_goq3.tdf                                             ;             ;
; vector_u.mif                                                       ; yes             ; Auto-Found Memory Initialization File        ; C:/Users/otavi/OneDrive/Documentos/Reconfiguravel/vector-multiplier-fpga/vector_u.mif                                                       ;             ;
; clock_divider.vhd                                                  ; yes             ; Auto-Found Wizard-Generated File             ; C:/Users/otavi/OneDrive/Documentos/Reconfiguravel/vector-multiplier-fpga/clock_divider.vhd                                                  ;             ;
; lpm_counter.tdf                                                    ; yes             ; Megafunction                                 ; c:/intelfpga_lite/18.1/quartus/libraries/megafunctions/lpm_counter.tdf                                                                      ;             ;
; lpm_constant.inc                                                   ; yes             ; Megafunction                                 ; c:/intelfpga_lite/18.1/quartus/libraries/megafunctions/lpm_constant.inc                                                                     ;             ;
; cmpconst.inc                                                       ; yes             ; Megafunction                                 ; c:/intelfpga_lite/18.1/quartus/libraries/megafunctions/cmpconst.inc                                                                         ;             ;
; lpm_compare.inc                                                    ; yes             ; Megafunction                                 ; c:/intelfpga_lite/18.1/quartus/libraries/megafunctions/lpm_compare.inc                                                                      ;             ;
; lpm_counter.inc                                                    ; yes             ; Megafunction                                 ; c:/intelfpga_lite/18.1/quartus/libraries/megafunctions/lpm_counter.inc                                                                      ;             ;
; dffeea.inc                                                         ; yes             ; Megafunction                                 ; c:/intelfpga_lite/18.1/quartus/libraries/megafunctions/dffeea.inc                                                                           ;             ;
; alt_counter_stratix.inc                                            ; yes             ; Megafunction                                 ; c:/intelfpga_lite/18.1/quartus/libraries/megafunctions/alt_counter_stratix.inc                                                              ;             ;
; db/cntr_54h.tdf                                                    ; yes             ; Auto-Generated Megafunction                  ; C:/Users/otavi/OneDrive/Documentos/Reconfiguravel/vector-multiplier-fpga/db/cntr_54h.tdf                                                    ;             ;
; address_counter.vhd                                                ; yes             ; Auto-Found Wizard-Generated File             ; C:/Users/otavi/OneDrive/Documentos/Reconfiguravel/vector-multiplier-fpga/address_counter.vhd                                                ;             ;
; db/cntr_44h.tdf                                                    ; yes             ; Auto-Generated Megafunction                  ; C:/Users/otavi/OneDrive/Documentos/Reconfiguravel/vector-multiplier-fpga/db/cntr_44h.tdf                                                    ;             ;
; memoryv.vhd                                                        ; yes             ; Auto-Found Wizard-Generated File             ; C:/Users/otavi/OneDrive/Documentos/Reconfiguravel/vector-multiplier-fpga/memoryv.vhd                                                        ;             ;
; db/altsyncram_hoq3.tdf                                             ; yes             ; Auto-Generated Megafunction                  ; C:/Users/otavi/OneDrive/Documentos/Reconfiguravel/vector-multiplier-fpga/db/altsyncram_hoq3.tdf                                             ;             ;
; vector_v.mif                                                       ; yes             ; Auto-Found Memory Initialization File        ; C:/Users/otavi/OneDrive/Documentos/Reconfiguravel/vector-multiplier-fpga/vector_v.mif                                                       ;             ;
; lpm_compare.tdf                                                    ; yes             ; Megafunction                                 ; c:/intelfpga_lite/18.1/quartus/libraries/megafunctions/lpm_compare.tdf                                                                      ;             ;
; comptree.inc                                                       ; yes             ; Megafunction                                 ; c:/intelfpga_lite/18.1/quartus/libraries/megafunctions/comptree.inc                                                                         ;             ;
; db/cmpr_smi.tdf                                                    ; yes             ; Auto-Generated Megafunction                  ; C:/Users/otavi/OneDrive/Documentos/Reconfiguravel/vector-multiplier-fpga/db/cmpr_smi.tdf                                                    ;             ;
; sld_signaltap.vhd                                                  ; yes             ; Megafunction                                 ; c:/intelfpga_lite/18.1/quartus/libraries/megafunctions/sld_signaltap.vhd                                                                    ;             ;
; sld_signaltap_impl.vhd                                             ; yes             ; Encrypted Megafunction                       ; c:/intelfpga_lite/18.1/quartus/libraries/megafunctions/sld_signaltap_impl.vhd                                                               ;             ;
; sld_ela_control.vhd                                                ; yes             ; Encrypted Megafunction                       ; c:/intelfpga_lite/18.1/quartus/libraries/megafunctions/sld_ela_control.vhd                                                                  ;             ;
; lpm_shiftreg.tdf                                                   ; yes             ; Megafunction                                 ; c:/intelfpga_lite/18.1/quartus/libraries/megafunctions/lpm_shiftreg.tdf                                                                     ;             ;
; sld_ela_trigger.tdf                                                ; yes             ; Encrypted Megafunction                       ; c:/intelfpga_lite/18.1/quartus/libraries/megafunctions/sld_ela_trigger.tdf                                                                  ;             ;
; db/sld_ela_trigger_j8q.tdf                                         ; yes             ; Auto-Generated Megafunction                  ; C:/Users/otavi/OneDrive/Documentos/Reconfiguravel/vector-multiplier-fpga/db/sld_ela_trigger_j8q.tdf                                         ;             ;
; db/sld_reserved_vector_multiplier_fpga_auto_signaltap_0_1_e34b.v   ; yes             ; Encrypted Auto-Generated Megafunction        ; C:/Users/otavi/OneDrive/Documentos/Reconfiguravel/vector-multiplier-fpga/db/sld_reserved_vector_multiplier_fpga_auto_signaltap_0_1_e34b.v   ;             ;
; sld_alt_reduction.vhd                                              ; yes             ; Encrypted Megafunction                       ; c:/intelfpga_lite/18.1/quartus/libraries/megafunctions/sld_alt_reduction.vhd                                                                ;             ;
; sld_mbpmg.vhd                                                      ; yes             ; Encrypted Megafunction                       ; c:/intelfpga_lite/18.1/quartus/libraries/megafunctions/sld_mbpmg.vhd                                                                        ;             ;
; sld_ela_trigger_flow_mgr.vhd                                       ; yes             ; Encrypted Megafunction                       ; c:/intelfpga_lite/18.1/quartus/libraries/megafunctions/sld_ela_trigger_flow_mgr.vhd                                                         ;             ;
; sld_buffer_manager.vhd                                             ; yes             ; Encrypted Megafunction                       ; c:/intelfpga_lite/18.1/quartus/libraries/megafunctions/sld_buffer_manager.vhd                                                               ;             ;
; db/altsyncram_2g14.tdf                                             ; yes             ; Auto-Generated Megafunction                  ; C:/Users/otavi/OneDrive/Documentos/Reconfiguravel/vector-multiplier-fpga/db/altsyncram_2g14.tdf                                             ;             ;
; altdpram.tdf                                                       ; yes             ; Megafunction                                 ; c:/intelfpga_lite/18.1/quartus/libraries/megafunctions/altdpram.tdf                                                                         ;             ;
; memmodes.inc                                                       ; yes             ; Megafunction                                 ; c:/intelfpga_lite/18.1/quartus/libraries/others/maxplus2/memmodes.inc                                                                       ;             ;
; a_hdffe.inc                                                        ; yes             ; Megafunction                                 ; c:/intelfpga_lite/18.1/quartus/libraries/megafunctions/a_hdffe.inc                                                                          ;             ;
; alt_le_rden_reg.inc                                                ; yes             ; Megafunction                                 ; c:/intelfpga_lite/18.1/quartus/libraries/megafunctions/alt_le_rden_reg.inc                                                                  ;             ;
; altsyncram.inc                                                     ; yes             ; Megafunction                                 ; c:/intelfpga_lite/18.1/quartus/libraries/megafunctions/altsyncram.inc                                                                       ;             ;
; lpm_mux.tdf                                                        ; yes             ; Megafunction                                 ; c:/intelfpga_lite/18.1/quartus/libraries/megafunctions/lpm_mux.tdf                                                                          ;             ;
; muxlut.inc                                                         ; yes             ; Megafunction                                 ; c:/intelfpga_lite/18.1/quartus/libraries/megafunctions/muxlut.inc                                                                           ;             ;
; db/mux_k7c.tdf                                                     ; yes             ; Auto-Generated Megafunction                  ; C:/Users/otavi/OneDrive/Documentos/Reconfiguravel/vector-multiplier-fpga/db/mux_k7c.tdf                                                     ;             ;
; lpm_decode.tdf                                                     ; yes             ; Megafunction                                 ; c:/intelfpga_lite/18.1/quartus/libraries/megafunctions/lpm_decode.tdf                                                                       ;             ;
; declut.inc                                                         ; yes             ; Megafunction                                 ; c:/intelfpga_lite/18.1/quartus/libraries/megafunctions/declut.inc                                                                           ;             ;
; db/decode_3af.tdf                                                  ; yes             ; Auto-Generated Megafunction                  ; C:/Users/otavi/OneDrive/Documentos/Reconfiguravel/vector-multiplier-fpga/db/decode_3af.tdf                                                  ;             ;
; db/cntr_7rh.tdf                                                    ; yes             ; Auto-Generated Megafunction                  ; C:/Users/otavi/OneDrive/Documentos/Reconfiguravel/vector-multiplier-fpga/db/cntr_7rh.tdf                                                    ;             ;
; db/cmpr_hrb.tdf                                                    ; yes             ; Auto-Generated Megafunction                  ; C:/Users/otavi/OneDrive/Documentos/Reconfiguravel/vector-multiplier-fpga/db/cmpr_hrb.tdf                                                    ;             ;
; db/cntr_bhi.tdf                                                    ; yes             ; Auto-Generated Megafunction                  ; C:/Users/otavi/OneDrive/Documentos/Reconfiguravel/vector-multiplier-fpga/db/cntr_bhi.tdf                                                    ;             ;
; db/cntr_odi.tdf                                                    ; yes             ; Auto-Generated Megafunction                  ; C:/Users/otavi/OneDrive/Documentos/Reconfiguravel/vector-multiplier-fpga/db/cntr_odi.tdf                                                    ;             ;
; db/cmpr_drb.tdf                                                    ; yes             ; Auto-Generated Megafunction                  ; C:/Users/otavi/OneDrive/Documentos/Reconfiguravel/vector-multiplier-fpga/db/cmpr_drb.tdf                                                    ;             ;
; sld_rom_sr.vhd                                                     ; yes             ; Encrypted Megafunction                       ; c:/intelfpga_lite/18.1/quartus/libraries/megafunctions/sld_rom_sr.vhd                                                                       ;             ;
; sld_jtag_endpoint_adapter.vhd                                      ; yes             ; Encrypted Megafunction                       ; c:/intelfpga_lite/18.1/quartus/libraries/megafunctions/sld_jtag_endpoint_adapter.vhd                                                        ;             ;
; sld_jtag_endpoint_adapter_impl.sv                                  ; yes             ; Encrypted Megafunction                       ; c:/intelfpga_lite/18.1/quartus/libraries/megafunctions/sld_jtag_endpoint_adapter_impl.sv                                                    ;             ;
; sld_hub.vhd                                                        ; yes             ; Encrypted Megafunction                       ; c:/intelfpga_lite/18.1/quartus/libraries/megafunctions/sld_hub.vhd                                                                          ; altera_sld  ;
; db/ip/sldecc51052/alt_sld_fab.v                                    ; yes             ; Encrypted Auto-Found Verilog HDL File        ; C:/Users/otavi/OneDrive/Documentos/Reconfiguravel/vector-multiplier-fpga/db/ip/sldecc51052/alt_sld_fab.v                                    ; alt_sld_fab ;
; db/ip/sldecc51052/submodules/alt_sld_fab_alt_sld_fab.v             ; yes             ; Encrypted Auto-Found Verilog HDL File        ; C:/Users/otavi/OneDrive/Documentos/Reconfiguravel/vector-multiplier-fpga/db/ip/sldecc51052/submodules/alt_sld_fab_alt_sld_fab.v             ; alt_sld_fab ;
; db/ip/sldecc51052/submodules/alt_sld_fab_alt_sld_fab_ident.sv      ; yes             ; Auto-Found SystemVerilog HDL File            ; C:/Users/otavi/OneDrive/Documentos/Reconfiguravel/vector-multiplier-fpga/db/ip/sldecc51052/submodules/alt_sld_fab_alt_sld_fab_ident.sv      ; alt_sld_fab ;
; db/ip/sldecc51052/submodules/alt_sld_fab_alt_sld_fab_presplit.sv   ; yes             ; Encrypted Auto-Found SystemVerilog HDL File  ; C:/Users/otavi/OneDrive/Documentos/Reconfiguravel/vector-multiplier-fpga/db/ip/sldecc51052/submodules/alt_sld_fab_alt_sld_fab_presplit.sv   ; alt_sld_fab ;
; db/ip/sldecc51052/submodules/alt_sld_fab_alt_sld_fab_sldfabric.vhd ; yes             ; Encrypted Auto-Found VHDL File               ; C:/Users/otavi/OneDrive/Documentos/Reconfiguravel/vector-multiplier-fpga/db/ip/sldecc51052/submodules/alt_sld_fab_alt_sld_fab_sldfabric.vhd ; alt_sld_fab ;
; db/ip/sldecc51052/submodules/alt_sld_fab_alt_sld_fab_splitter.sv   ; yes             ; Encrypted Auto-Found SystemVerilog HDL File  ; C:/Users/otavi/OneDrive/Documentos/Reconfiguravel/vector-multiplier-fpga/db/ip/sldecc51052/submodules/alt_sld_fab_alt_sld_fab_splitter.sv   ; alt_sld_fab ;
; sld_jtag_hub.vhd                                                   ; yes             ; Encrypted Megafunction                       ; c:/intelfpga_lite/18.1/quartus/libraries/megafunctions/sld_jtag_hub.vhd                                                                     ;             ;
+--------------------------------------------------------------------+-----------------+----------------------------------------------+---------------------------------------------------------------------------------------------------------------------------------------------+-------------+


+------------------------------------------------------------------------+
; Analysis & Synthesis Resource Usage Summary                            ;
+---------------------------------------------+--------------------------+
; Resource                                    ; Usage                    ;
+---------------------------------------------+--------------------------+
; Estimated Total logic elements              ; 733                      ;
;                                             ;                          ;
; Total combinational functions               ; 476                      ;
; Logic element usage by number of LUT inputs ;                          ;
;     -- 4 input functions                    ; 173                      ;
;     -- 3 input functions                    ; 145                      ;
;     -- <=2 input functions                  ; 158                      ;
;                                             ;                          ;
; Logic elements by mode                      ;                          ;
;     -- normal mode                          ; 382                      ;
;     -- arithmetic mode                      ; 94                       ;
;                                             ;                          ;
; Total registers                             ; 552                      ;
;     -- Dedicated logic registers            ; 552                      ;
;     -- I/O registers                        ; 0                        ;
;                                             ;                          ;
; I/O pins                                    ; 19                       ;
; Total memory bits                           ; 8448                     ;
;                                             ;                          ;
; Embedded Multiplier 9-bit elements          ; 1                        ;
;                                             ;                          ;
; Maximum fan-out node                        ; altera_internal_jtag~TDO ;
; Maximum fan-out                             ; 340                      ;
; Total fan-out                               ; 3687                     ;
; Average fan-out                             ; 3.32                     ;
+---------------------------------------------+--------------------------+


+--------------------------------------------------------------------------------------------------------------------------------------------------------------------------------------------------------------------------------------------------------------------------------------------------------------------------------------------------------------------------------------------------------------------------------------------------------------------------------------------------------------------------------------------------------------------------------------------------------------------------------------------------------------------------------------------------------------------------------------------------------------------------------------------------------+
; Analysis & Synthesis Resource Utilization by Entity                                                                                                                                                                                                                                                                                                                                                                                                                                                                                                                                                                                                                                                                                                                                                    ;
+-----------------------------------------------------------------------------------------------------------------------------------------+---------------------+---------------------------+-------------+------------+--------------+---------+-----------+------+--------------+------------+----------------------------------------------------------------------------------------------------------------------------------------------------------------------------------------------------------------------------------------------------------------------------------------------------------------------------------------------------------------------------------------------------------------------------+-------------------------------------------------------------+--------------+
; Compilation Hierarchy Node                                                                                                              ; Combinational ALUTs ; Dedicated Logic Registers ; Memory Bits ; UFM Blocks ; DSP Elements ; DSP 9x9 ; DSP 18x18 ; Pins ; Virtual Pins ; ADC blocks ; Full Hierarchy Name                                                                                                                                                                                                                                                                                                                                                                                                        ; Entity Name                                                 ; Library Name ;
+-----------------------------------------------------------------------------------------------------------------------------------------+---------------------+---------------------------+-------------+------------+--------------+---------+-----------+------+--------------+------------+----------------------------------------------------------------------------------------------------------------------------------------------------------------------------------------------------------------------------------------------------------------------------------------------------------------------------------------------------------------------------------------------------------------------------+-------------------------------------------------------------+--------------+
; |vector_multiplier_fpga                                                                                                                 ; 476 (0)             ; 552 (0)                   ; 8448        ; 0          ; 1            ; 1       ; 0         ; 19   ; 0            ; 0          ; |vector_multiplier_fpga                                                                                                                                                                                                                                                                                                                                                                                                    ; vector_multiplier_fpga                                      ; work         ;
;    |address_counter:inst4|                                                                                                              ; 8 (0)               ; 8 (0)                     ; 0           ; 0          ; 0            ; 0       ; 0         ; 0    ; 0            ; 0          ; |vector_multiplier_fpga|address_counter:inst4                                                                                                                                                                                                                                                                                                                                                                              ; address_counter                                             ; work         ;
;       |lpm_counter:LPM_COUNTER_component|                                                                                               ; 8 (0)               ; 8 (0)                     ; 0           ; 0          ; 0            ; 0       ; 0         ; 0    ; 0            ; 0          ; |vector_multiplier_fpga|address_counter:inst4|lpm_counter:LPM_COUNTER_component                                                                                                                                                                                                                                                                                                                                            ; lpm_counter                                                 ; work         ;
;          |cntr_44h:auto_generated|                                                                                                      ; 8 (8)               ; 8 (8)                     ; 0           ; 0          ; 0            ; 0       ; 0         ; 0    ; 0            ; 0          ; |vector_multiplier_fpga|address_counter:inst4|lpm_counter:LPM_COUNTER_component|cntr_44h:auto_generated                                                                                                                                                                                                                                                                                                                    ; cntr_44h                                                    ; work         ;
;    |clock_divider:inst5|                                                                                                                ; 9 (0)               ; 9 (0)                     ; 0           ; 0          ; 0            ; 0       ; 0         ; 0    ; 0            ; 0          ; |vector_multiplier_fpga|clock_divider:inst5                                                                                                                                                                                                                                                                                                                                                                                ; clock_divider                                               ; work         ;
;       |lpm_counter:LPM_COUNTER_component|                                                                                               ; 9 (0)               ; 9 (0)                     ; 0           ; 0          ; 0            ; 0       ; 0         ; 0    ; 0            ; 0          ; |vector_multiplier_fpga|clock_divider:inst5|lpm_counter:LPM_COUNTER_component                                                                                                                                                                                                                                                                                                                                              ; lpm_counter                                                 ; work         ;
;          |cntr_54h:auto_generated|                                                                                                      ; 9 (9)               ; 9 (9)                     ; 0           ; 0          ; 0            ; 0       ; 0         ; 0    ; 0            ; 0          ; |vector_multiplier_fpga|clock_divider:inst5|lpm_counter:LPM_COUNTER_component|cntr_54h:auto_generated                                                                                                                                                                                                                                                                                                                      ; cntr_54h                                                    ; work         ;
;    |comparator:inst3|                                                                                                                   ; 4 (0)               ; 0 (0)                     ; 0           ; 0          ; 0            ; 0       ; 0         ; 0    ; 0            ; 0          ; |vector_multiplier_fpga|comparator:inst3                                                                                                                                                                                                                                                                                                                                                                                   ; comparator                                                  ; work         ;
;       |lpm_compare:LPM_COMPARE_component|                                                                                               ; 4 (0)               ; 0 (0)                     ; 0           ; 0          ; 0            ; 0       ; 0         ; 0    ; 0            ; 0          ; |vector_multiplier_fpga|comparator:inst3|lpm_compare:LPM_COMPARE_component                                                                                                                                                                                                                                                                                                                                                 ; lpm_compare                                                 ; work         ;
;          |cmpr_smi:auto_generated|                                                                                                      ; 4 (4)               ; 0 (0)                     ; 0           ; 0          ; 0            ; 0       ; 0         ; 0    ; 0            ; 0          ; |vector_multiplier_fpga|comparator:inst3|lpm_compare:LPM_COMPARE_component|cmpr_smi:auto_generated                                                                                                                                                                                                                                                                                                                         ; cmpr_smi                                                    ; work         ;
;    |memoryU:inst|                                                                                                                       ; 0 (0)               ; 0 (0)                     ; 2048        ; 0          ; 0            ; 0       ; 0         ; 0    ; 0            ; 0          ; |vector_multiplier_fpga|memoryU:inst                                                                                                                                                                                                                                                                                                                                                                                       ; memoryU                                                     ; work         ;
;       |altsyncram:altsyncram_component|                                                                                                 ; 0 (0)               ; 0 (0)                     ; 2048        ; 0          ; 0            ; 0       ; 0         ; 0    ; 0            ; 0          ; |vector_multiplier_fpga|memoryU:inst|altsyncram:altsyncram_component                                                                                                                                                                                                                                                                                                                                                       ; altsyncram                                                  ; work         ;
;          |altsyncram_goq3:auto_generated|                                                                                               ; 0 (0)               ; 0 (0)                     ; 2048        ; 0          ; 0            ; 0       ; 0         ; 0    ; 0            ; 0          ; |vector_multiplier_fpga|memoryU:inst|altsyncram:altsyncram_component|altsyncram_goq3:auto_generated                                                                                                                                                                                                                                                                                                                        ; altsyncram_goq3                                             ; work         ;
;    |memoryV:inst2|                                                                                                                      ; 0 (0)               ; 0 (0)                     ; 2048        ; 0          ; 0            ; 0       ; 0         ; 0    ; 0            ; 0          ; |vector_multiplier_fpga|memoryV:inst2                                                                                                                                                                                                                                                                                                                                                                                      ; memoryV                                                     ; work         ;
;       |altsyncram:altsyncram_component|                                                                                                 ; 0 (0)               ; 0 (0)                     ; 2048        ; 0          ; 0            ; 0       ; 0         ; 0    ; 0            ; 0          ; |vector_multiplier_fpga|memoryV:inst2|altsyncram:altsyncram_component                                                                                                                                                                                                                                                                                                                                                      ; altsyncram                                                  ; work         ;
;          |altsyncram_hoq3:auto_generated|                                                                                               ; 0 (0)               ; 0 (0)                     ; 2048        ; 0          ; 0            ; 0       ; 0         ; 0    ; 0            ; 0          ; |vector_multiplier_fpga|memoryV:inst2|altsyncram:altsyncram_component|altsyncram_hoq3:auto_generated                                                                                                                                                                                                                                                                                                                       ; altsyncram_hoq3                                             ; work         ;
;    |multiplier:inst1|                                                                                                                   ; 0 (0)               ; 0 (0)                     ; 0           ; 0          ; 1            ; 1       ; 0         ; 0    ; 0            ; 0          ; |vector_multiplier_fpga|multiplier:inst1                                                                                                                                                                                                                                                                                                                                                                                   ; multiplier                                                  ; work         ;
;       |lpm_mult:lpm_mult_component|                                                                                                     ; 0 (0)               ; 0 (0)                     ; 0           ; 0          ; 1            ; 1       ; 0         ; 0    ; 0            ; 0          ; |vector_multiplier_fpga|multiplier:inst1|lpm_mult:lpm_mult_component                                                                                                                                                                                                                                                                                                                                                       ; lpm_mult                                                    ; work         ;
;          |mult_inm:auto_generated|                                                                                                      ; 0 (0)               ; 0 (0)                     ; 0           ; 0          ; 1            ; 1       ; 0         ; 0    ; 0            ; 0          ; |vector_multiplier_fpga|multiplier:inst1|lpm_mult:lpm_mult_component|mult_inm:auto_generated                                                                                                                                                                                                                                                                                                                               ; mult_inm                                                    ; work         ;
;    |sld_hub:auto_hub|                                                                                                                   ; 125 (1)             ; 91 (0)                    ; 0           ; 0          ; 0            ; 0       ; 0         ; 0    ; 0            ; 0          ; |vector_multiplier_fpga|sld_hub:auto_hub                                                                                                                                                                                                                                                                                                                                                                                   ; sld_hub                                                     ; altera_sld   ;
;       |alt_sld_fab_with_jtag_input:\instrumentation_fabric_with_node_gen:fabric_gen_new_way:with_jtag_input_gen:instrumentation_fabric| ; 124 (0)             ; 91 (0)                    ; 0           ; 0          ; 0            ; 0       ; 0         ; 0    ; 0            ; 0          ; |vector_multiplier_fpga|sld_hub:auto_hub|alt_sld_fab_with_jtag_input:\instrumentation_fabric_with_node_gen:fabric_gen_new_way:with_jtag_input_gen:instrumentation_fabric                                                                                                                                                                                                                                                   ; alt_sld_fab_with_jtag_input                                 ; altera_sld   ;
;          |alt_sld_fab:instrumentation_fabric|                                                                                           ; 124 (0)             ; 91 (0)                    ; 0           ; 0          ; 0            ; 0       ; 0         ; 0    ; 0            ; 0          ; |vector_multiplier_fpga|sld_hub:auto_hub|alt_sld_fab_with_jtag_input:\instrumentation_fabric_with_node_gen:fabric_gen_new_way:with_jtag_input_gen:instrumentation_fabric|alt_sld_fab:instrumentation_fabric                                                                                                                                                                                                                ; alt_sld_fab                                                 ; alt_sld_fab  ;
;             |alt_sld_fab_alt_sld_fab:alt_sld_fab|                                                                                       ; 124 (1)             ; 91 (5)                    ; 0           ; 0          ; 0            ; 0       ; 0         ; 0    ; 0            ; 0          ; |vector_multiplier_fpga|sld_hub:auto_hub|alt_sld_fab_with_jtag_input:\instrumentation_fabric_with_node_gen:fabric_gen_new_way:with_jtag_input_gen:instrumentation_fabric|alt_sld_fab:instrumentation_fabric|alt_sld_fab_alt_sld_fab:alt_sld_fab                                                                                                                                                                            ; alt_sld_fab_alt_sld_fab                                     ; alt_sld_fab  ;
;                |alt_sld_fab_alt_sld_fab_sldfabric:sldfabric|                                                                            ; 123 (0)             ; 86 (0)                    ; 0           ; 0          ; 0            ; 0       ; 0         ; 0    ; 0            ; 0          ; |vector_multiplier_fpga|sld_hub:auto_hub|alt_sld_fab_with_jtag_input:\instrumentation_fabric_with_node_gen:fabric_gen_new_way:with_jtag_input_gen:instrumentation_fabric|alt_sld_fab:instrumentation_fabric|alt_sld_fab_alt_sld_fab:alt_sld_fab|alt_sld_fab_alt_sld_fab_sldfabric:sldfabric                                                                                                                                ; alt_sld_fab_alt_sld_fab_sldfabric                           ; alt_sld_fab  ;
;                   |sld_jtag_hub:\jtag_hub_gen:real_sld_jtag_hub|                                                                        ; 123 (84)            ; 86 (58)                   ; 0           ; 0          ; 0            ; 0       ; 0         ; 0    ; 0            ; 0          ; |vector_multiplier_fpga|sld_hub:auto_hub|alt_sld_fab_with_jtag_input:\instrumentation_fabric_with_node_gen:fabric_gen_new_way:with_jtag_input_gen:instrumentation_fabric|alt_sld_fab:instrumentation_fabric|alt_sld_fab_alt_sld_fab:alt_sld_fab|alt_sld_fab_alt_sld_fab_sldfabric:sldfabric|sld_jtag_hub:\jtag_hub_gen:real_sld_jtag_hub                                                                                   ; sld_jtag_hub                                                ; work         ;
;                      |sld_rom_sr:hub_info_reg|                                                                                          ; 21 (21)             ; 9 (9)                     ; 0           ; 0          ; 0            ; 0       ; 0         ; 0    ; 0            ; 0          ; |vector_multiplier_fpga|sld_hub:auto_hub|alt_sld_fab_with_jtag_input:\instrumentation_fabric_with_node_gen:fabric_gen_new_way:with_jtag_input_gen:instrumentation_fabric|alt_sld_fab:instrumentation_fabric|alt_sld_fab_alt_sld_fab:alt_sld_fab|alt_sld_fab_alt_sld_fab_sldfabric:sldfabric|sld_jtag_hub:\jtag_hub_gen:real_sld_jtag_hub|sld_rom_sr:hub_info_reg                                                           ; sld_rom_sr                                                  ; work         ;
;                      |sld_shadow_jsm:shadow_jsm|                                                                                        ; 18 (18)             ; 19 (19)                   ; 0           ; 0          ; 0            ; 0       ; 0         ; 0    ; 0            ; 0          ; |vector_multiplier_fpga|sld_hub:auto_hub|alt_sld_fab_with_jtag_input:\instrumentation_fabric_with_node_gen:fabric_gen_new_way:with_jtag_input_gen:instrumentation_fabric|alt_sld_fab:instrumentation_fabric|alt_sld_fab_alt_sld_fab:alt_sld_fab|alt_sld_fab_alt_sld_fab_sldfabric:sldfabric|sld_jtag_hub:\jtag_hub_gen:real_sld_jtag_hub|sld_shadow_jsm:shadow_jsm                                                         ; sld_shadow_jsm                                              ; altera_sld   ;
;    |sld_signaltap:auto_signaltap_0|                                                                                                     ; 330 (2)             ; 444 (18)                  ; 4352        ; 0          ; 0            ; 0       ; 0         ; 0    ; 0            ; 0          ; |vector_multiplier_fpga|sld_signaltap:auto_signaltap_0                                                                                                                                                                                                                                                                                                                                                                     ; sld_signaltap                                               ; work         ;
;       |sld_signaltap_impl:sld_signaltap_body|                                                                                           ; 328 (0)             ; 426 (0)                   ; 4352        ; 0          ; 0            ; 0       ; 0         ; 0    ; 0            ; 0          ; |vector_multiplier_fpga|sld_signaltap:auto_signaltap_0|sld_signaltap_impl:sld_signaltap_body                                                                                                                                                                                                                                                                                                                               ; sld_signaltap_impl                                          ; work         ;
;          |sld_signaltap_implb:sld_signaltap_body|                                                                                       ; 328 (89)            ; 426 (181)                 ; 4352        ; 0          ; 0            ; 0       ; 0         ; 0    ; 0            ; 0          ; |vector_multiplier_fpga|sld_signaltap:auto_signaltap_0|sld_signaltap_impl:sld_signaltap_body|sld_signaltap_implb:sld_signaltap_body                                                                                                                                                                                                                                                                                        ; sld_signaltap_implb                                         ; work         ;
;             |altdpram:\stp_non_zero_ram_gen:attribute_mem_gen:attribute_mem|                                                            ; 19 (0)              ; 52 (52)                   ; 0           ; 0          ; 0            ; 0       ; 0         ; 0    ; 0            ; 0          ; |vector_multiplier_fpga|sld_signaltap:auto_signaltap_0|sld_signaltap_impl:sld_signaltap_body|sld_signaltap_implb:sld_signaltap_body|altdpram:\stp_non_zero_ram_gen:attribute_mem_gen:attribute_mem                                                                                                                                                                                                                         ; altdpram                                                    ; work         ;
;                |lpm_decode:wdecoder|                                                                                                    ; 2 (0)               ; 0 (0)                     ; 0           ; 0          ; 0            ; 0       ; 0         ; 0    ; 0            ; 0          ; |vector_multiplier_fpga|sld_signaltap:auto_signaltap_0|sld_signaltap_impl:sld_signaltap_body|sld_signaltap_implb:sld_signaltap_body|altdpram:\stp_non_zero_ram_gen:attribute_mem_gen:attribute_mem|lpm_decode:wdecoder                                                                                                                                                                                                     ; lpm_decode                                                  ; work         ;
;                   |decode_3af:auto_generated|                                                                                           ; 2 (2)               ; 0 (0)                     ; 0           ; 0          ; 0            ; 0       ; 0         ; 0    ; 0            ; 0          ; |vector_multiplier_fpga|sld_signaltap:auto_signaltap_0|sld_signaltap_impl:sld_signaltap_body|sld_signaltap_implb:sld_signaltap_body|altdpram:\stp_non_zero_ram_gen:attribute_mem_gen:attribute_mem|lpm_decode:wdecoder|decode_3af:auto_generated                                                                                                                                                                           ; decode_3af                                                  ; work         ;
;                |lpm_mux:mux|                                                                                                            ; 17 (0)              ; 0 (0)                     ; 0           ; 0          ; 0            ; 0       ; 0         ; 0    ; 0            ; 0          ; |vector_multiplier_fpga|sld_signaltap:auto_signaltap_0|sld_signaltap_impl:sld_signaltap_body|sld_signaltap_implb:sld_signaltap_body|altdpram:\stp_non_zero_ram_gen:attribute_mem_gen:attribute_mem|lpm_mux:mux                                                                                                                                                                                                             ; lpm_mux                                                     ; work         ;
;                   |mux_k7c:auto_generated|                                                                                              ; 17 (17)             ; 0 (0)                     ; 0           ; 0          ; 0            ; 0       ; 0         ; 0    ; 0            ; 0          ; |vector_multiplier_fpga|sld_signaltap:auto_signaltap_0|sld_signaltap_impl:sld_signaltap_body|sld_signaltap_implb:sld_signaltap_body|altdpram:\stp_non_zero_ram_gen:attribute_mem_gen:attribute_mem|lpm_mux:mux|mux_k7c:auto_generated                                                                                                                                                                                      ; mux_k7c                                                     ; work         ;
;             |altsyncram:\stp_non_zero_ram_gen:stp_buffer_ram|                                                                           ; 0 (0)               ; 0 (0)                     ; 4352        ; 0          ; 0            ; 0       ; 0         ; 0    ; 0            ; 0          ; |vector_multiplier_fpga|sld_signaltap:auto_signaltap_0|sld_signaltap_impl:sld_signaltap_body|sld_signaltap_implb:sld_signaltap_body|altsyncram:\stp_non_zero_ram_gen:stp_buffer_ram                                                                                                                                                                                                                                        ; altsyncram                                                  ; work         ;
;                |altsyncram_2g14:auto_generated|                                                                                         ; 0 (0)               ; 0 (0)                     ; 4352        ; 0          ; 0            ; 0       ; 0         ; 0    ; 0            ; 0          ; |vector_multiplier_fpga|sld_signaltap:auto_signaltap_0|sld_signaltap_impl:sld_signaltap_body|sld_signaltap_implb:sld_signaltap_body|altsyncram:\stp_non_zero_ram_gen:stp_buffer_ram|altsyncram_2g14:auto_generated                                                                                                                                                                                                         ; altsyncram_2g14                                             ; work         ;
;             |lpm_shiftreg:segment_offset_config_deserialize|                                                                            ; 0 (0)               ; 8 (8)                     ; 0           ; 0          ; 0            ; 0       ; 0         ; 0    ; 0            ; 0          ; |vector_multiplier_fpga|sld_signaltap:auto_signaltap_0|sld_signaltap_impl:sld_signaltap_body|sld_signaltap_implb:sld_signaltap_body|lpm_shiftreg:segment_offset_config_deserialize                                                                                                                                                                                                                                         ; lpm_shiftreg                                                ; work         ;
;             |lpm_shiftreg:status_register|                                                                                              ; 17 (17)             ; 17 (17)                   ; 0           ; 0          ; 0            ; 0       ; 0         ; 0    ; 0            ; 0          ; |vector_multiplier_fpga|sld_signaltap:auto_signaltap_0|sld_signaltap_impl:sld_signaltap_body|sld_signaltap_implb:sld_signaltap_body|lpm_shiftreg:status_register                                                                                                                                                                                                                                                           ; lpm_shiftreg                                                ; work         ;
;             |serial_crc_16:\tdo_crc_gen:tdo_crc_calc|                                                                                   ; 14 (14)             ; 13 (13)                   ; 0           ; 0          ; 0            ; 0       ; 0         ; 0    ; 0            ; 0          ; |vector_multiplier_fpga|sld_signaltap:auto_signaltap_0|sld_signaltap_impl:sld_signaltap_body|sld_signaltap_implb:sld_signaltap_body|serial_crc_16:\tdo_crc_gen:tdo_crc_calc                                                                                                                                                                                                                                                ; serial_crc_16                                               ; work         ;
;             |sld_buffer_manager:sld_buffer_manager_inst|                                                                                ; 66 (66)             ; 49 (49)                   ; 0           ; 0          ; 0            ; 0       ; 0         ; 0    ; 0            ; 0          ; |vector_multiplier_fpga|sld_signaltap:auto_signaltap_0|sld_signaltap_impl:sld_signaltap_body|sld_signaltap_implb:sld_signaltap_body|sld_buffer_manager:sld_buffer_manager_inst                                                                                                                                                                                                                                             ; sld_buffer_manager                                          ; work         ;
;             |sld_ela_control:ela_control|                                                                                               ; 7 (1)               ; 28 (1)                    ; 0           ; 0          ; 0            ; 0       ; 0         ; 0    ; 0            ; 0          ; |vector_multiplier_fpga|sld_signaltap:auto_signaltap_0|sld_signaltap_impl:sld_signaltap_body|sld_signaltap_implb:sld_signaltap_body|sld_ela_control:ela_control                                                                                                                                                                                                                                                            ; sld_ela_control                                             ; work         ;
;                |lpm_shiftreg:trigger_config_deserialize|                                                                                ; 0 (0)               ; 4 (4)                     ; 0           ; 0          ; 0            ; 0       ; 0         ; 0    ; 0            ; 0          ; |vector_multiplier_fpga|sld_signaltap:auto_signaltap_0|sld_signaltap_impl:sld_signaltap_body|sld_signaltap_implb:sld_signaltap_body|sld_ela_control:ela_control|lpm_shiftreg:trigger_config_deserialize                                                                                                                                                                                                                    ; lpm_shiftreg                                                ; work         ;
;                |sld_ela_trigger:\multi_level_advanced_trigger_gen:advanced_trigger_wrapper|                                             ; 5 (0)               ; 12 (0)                    ; 0           ; 0          ; 0            ; 0       ; 0         ; 0    ; 0            ; 0          ; |vector_multiplier_fpga|sld_signaltap:auto_signaltap_0|sld_signaltap_impl:sld_signaltap_body|sld_signaltap_implb:sld_signaltap_body|sld_ela_control:ela_control|sld_ela_trigger:\multi_level_advanced_trigger_gen:advanced_trigger_wrapper                                                                                                                                                                                 ; sld_ela_trigger                                             ; work         ;
;                   |sld_ela_trigger_j8q:auto_generated|                                                                                  ; 5 (0)               ; 12 (0)                    ; 0           ; 0          ; 0            ; 0       ; 0         ; 0    ; 0            ; 0          ; |vector_multiplier_fpga|sld_signaltap:auto_signaltap_0|sld_signaltap_impl:sld_signaltap_body|sld_signaltap_implb:sld_signaltap_body|sld_ela_control:ela_control|sld_ela_trigger:\multi_level_advanced_trigger_gen:advanced_trigger_wrapper|sld_ela_trigger_j8q:auto_generated                                                                                                                                              ; sld_ela_trigger_j8q                                         ; work         ;
;                      |sld_reserved_vector_multiplier_fpga_auto_signaltap_0_1_e34b:mgl_prim1|                                            ; 5 (0)               ; 12 (1)                    ; 0           ; 0          ; 0            ; 0       ; 0         ; 0    ; 0            ; 0          ; |vector_multiplier_fpga|sld_signaltap:auto_signaltap_0|sld_signaltap_impl:sld_signaltap_body|sld_signaltap_implb:sld_signaltap_body|sld_ela_control:ela_control|sld_ela_trigger:\multi_level_advanced_trigger_gen:advanced_trigger_wrapper|sld_ela_trigger_j8q:auto_generated|sld_reserved_vector_multiplier_fpga_auto_signaltap_0_1_e34b:mgl_prim1                                                                        ; sld_reserved_vector_multiplier_fpga_auto_signaltap_0_1_e34b ; work         ;
;                         |lpm_shiftreg:config_shiftreg_4|                                                                                ; 0 (0)               ; 3 (3)                     ; 0           ; 0          ; 0            ; 0       ; 0         ; 0    ; 0            ; 0          ; |vector_multiplier_fpga|sld_signaltap:auto_signaltap_0|sld_signaltap_impl:sld_signaltap_body|sld_signaltap_implb:sld_signaltap_body|sld_ela_control:ela_control|sld_ela_trigger:\multi_level_advanced_trigger_gen:advanced_trigger_wrapper|sld_ela_trigger_j8q:auto_generated|sld_reserved_vector_multiplier_fpga_auto_signaltap_0_1_e34b:mgl_prim1|lpm_shiftreg:config_shiftreg_4                                         ; lpm_shiftreg                                                ; work         ;
;                         |lpm_shiftreg:config_shiftreg_5|                                                                                ; 0 (0)               ; 1 (1)                     ; 0           ; 0          ; 0            ; 0       ; 0         ; 0    ; 0            ; 0          ; |vector_multiplier_fpga|sld_signaltap:auto_signaltap_0|sld_signaltap_impl:sld_signaltap_body|sld_signaltap_implb:sld_signaltap_body|sld_ela_control:ela_control|sld_ela_trigger:\multi_level_advanced_trigger_gen:advanced_trigger_wrapper|sld_ela_trigger_j8q:auto_generated|sld_reserved_vector_multiplier_fpga_auto_signaltap_0_1_e34b:mgl_prim1|lpm_shiftreg:config_shiftreg_5                                         ; lpm_shiftreg                                                ; work         ;
;                         |lpm_shiftreg:config_shiftreg_6|                                                                                ; 0 (0)               ; 3 (3)                     ; 0           ; 0          ; 0            ; 0       ; 0         ; 0    ; 0            ; 0          ; |vector_multiplier_fpga|sld_signaltap:auto_signaltap_0|sld_signaltap_impl:sld_signaltap_body|sld_signaltap_implb:sld_signaltap_body|sld_ela_control:ela_control|sld_ela_trigger:\multi_level_advanced_trigger_gen:advanced_trigger_wrapper|sld_ela_trigger_j8q:auto_generated|sld_reserved_vector_multiplier_fpga_auto_signaltap_0_1_e34b:mgl_prim1|lpm_shiftreg:config_shiftreg_6                                         ; lpm_shiftreg                                                ; work         ;
;                         |lpm_shiftreg:config_shiftreg_7|                                                                                ; 0 (0)               ; 3 (3)                     ; 0           ; 0          ; 0            ; 0       ; 0         ; 0    ; 0            ; 0          ; |vector_multiplier_fpga|sld_signaltap:auto_signaltap_0|sld_signaltap_impl:sld_signaltap_body|sld_signaltap_implb:sld_signaltap_body|sld_ela_control:ela_control|sld_ela_trigger:\multi_level_advanced_trigger_gen:advanced_trigger_wrapper|sld_ela_trigger_j8q:auto_generated|sld_reserved_vector_multiplier_fpga_auto_signaltap_0_1_e34b:mgl_prim1|lpm_shiftreg:config_shiftreg_7                                         ; lpm_shiftreg                                                ; work         ;
;                         |sld_alt_reduction:unary_1|                                                                                     ; 1 (1)               ; 0 (0)                     ; 0           ; 0          ; 0            ; 0       ; 0         ; 0    ; 0            ; 0          ; |vector_multiplier_fpga|sld_signaltap:auto_signaltap_0|sld_signaltap_impl:sld_signaltap_body|sld_signaltap_implb:sld_signaltap_body|sld_ela_control:ela_control|sld_ela_trigger:\multi_level_advanced_trigger_gen:advanced_trigger_wrapper|sld_ela_trigger_j8q:auto_generated|sld_reserved_vector_multiplier_fpga_auto_signaltap_0_1_e34b:mgl_prim1|sld_alt_reduction:unary_1                                              ; sld_alt_reduction                                           ; work         ;
;                         |sld_alt_reduction:unary_2|                                                                                     ; 2 (2)               ; 0 (0)                     ; 0           ; 0          ; 0            ; 0       ; 0         ; 0    ; 0            ; 0          ; |vector_multiplier_fpga|sld_signaltap:auto_signaltap_0|sld_signaltap_impl:sld_signaltap_body|sld_signaltap_implb:sld_signaltap_body|sld_ela_control:ela_control|sld_ela_trigger:\multi_level_advanced_trigger_gen:advanced_trigger_wrapper|sld_ela_trigger_j8q:auto_generated|sld_reserved_vector_multiplier_fpga_auto_signaltap_0_1_e34b:mgl_prim1|sld_alt_reduction:unary_2                                              ; sld_alt_reduction                                           ; work         ;
;                         |sld_mbpmg:mbpm_3|                                                                                              ; 2 (0)               ; 1 (0)                     ; 0           ; 0          ; 0            ; 0       ; 0         ; 0    ; 0            ; 0          ; |vector_multiplier_fpga|sld_signaltap:auto_signaltap_0|sld_signaltap_impl:sld_signaltap_body|sld_signaltap_implb:sld_signaltap_body|sld_ela_control:ela_control|sld_ela_trigger:\multi_level_advanced_trigger_gen:advanced_trigger_wrapper|sld_ela_trigger_j8q:auto_generated|sld_reserved_vector_multiplier_fpga_auto_signaltap_0_1_e34b:mgl_prim1|sld_mbpmg:mbpm_3                                                       ; sld_mbpmg                                                   ; work         ;
;                            |sld_sbpmg:\gen_sbpmg_pipeline_less_than_two:sm0:0:sm1|                                                      ; 2 (2)               ; 1 (1)                     ; 0           ; 0          ; 0            ; 0       ; 0         ; 0    ; 0            ; 0          ; |vector_multiplier_fpga|sld_signaltap:auto_signaltap_0|sld_signaltap_impl:sld_signaltap_body|sld_signaltap_implb:sld_signaltap_body|sld_ela_control:ela_control|sld_ela_trigger:\multi_level_advanced_trigger_gen:advanced_trigger_wrapper|sld_ela_trigger_j8q:auto_generated|sld_reserved_vector_multiplier_fpga_auto_signaltap_0_1_e34b:mgl_prim1|sld_mbpmg:mbpm_3|sld_sbpmg:\gen_sbpmg_pipeline_less_than_two:sm0:0:sm1 ; sld_sbpmg                                                   ; work         ;
;                |sld_ela_trigger_flow_mgr:\builtin:ela_trigger_flow_mgr_entity|                                                          ; 1 (1)               ; 11 (1)                    ; 0           ; 0          ; 0            ; 0       ; 0         ; 0    ; 0            ; 0          ; |vector_multiplier_fpga|sld_signaltap:auto_signaltap_0|sld_signaltap_impl:sld_signaltap_body|sld_signaltap_implb:sld_signaltap_body|sld_ela_control:ela_control|sld_ela_trigger_flow_mgr:\builtin:ela_trigger_flow_mgr_entity                                                                                                                                                                                              ; sld_ela_trigger_flow_mgr                                    ; work         ;
;                   |lpm_shiftreg:trigger_config_deserialize|                                                                             ; 0 (0)               ; 10 (10)                   ; 0           ; 0          ; 0            ; 0       ; 0         ; 0    ; 0            ; 0          ; |vector_multiplier_fpga|sld_signaltap:auto_signaltap_0|sld_signaltap_impl:sld_signaltap_body|sld_signaltap_implb:sld_signaltap_body|sld_ela_control:ela_control|sld_ela_trigger_flow_mgr:\builtin:ela_trigger_flow_mgr_entity|lpm_shiftreg:trigger_config_deserialize                                                                                                                                                      ; lpm_shiftreg                                                ; work         ;
;             |sld_offload_buffer_mgr:\stp_non_zero_depth_offload_gen:stp_offload_buff_mgr_inst|                                          ; 86 (10)             ; 70 (0)                    ; 0           ; 0          ; 0            ; 0       ; 0         ; 0    ; 0            ; 0          ; |vector_multiplier_fpga|sld_signaltap:auto_signaltap_0|sld_signaltap_impl:sld_signaltap_body|sld_signaltap_implb:sld_signaltap_body|sld_offload_buffer_mgr:\stp_non_zero_depth_offload_gen:stp_offload_buff_mgr_inst                                                                                                                                                                                                       ; sld_offload_buffer_mgr                                      ; work         ;
;                |lpm_counter:\adv_point_3_and_more:advance_pointer_counter|                                                              ; 7 (0)               ; 5 (0)                     ; 0           ; 0          ; 0            ; 0       ; 0         ; 0    ; 0            ; 0          ; |vector_multiplier_fpga|sld_signaltap:auto_signaltap_0|sld_signaltap_impl:sld_signaltap_body|sld_signaltap_implb:sld_signaltap_body|sld_offload_buffer_mgr:\stp_non_zero_depth_offload_gen:stp_offload_buff_mgr_inst|lpm_counter:\adv_point_3_and_more:advance_pointer_counter                                                                                                                                             ; lpm_counter                                                 ; work         ;
;                   |cntr_7rh:auto_generated|                                                                                             ; 7 (7)               ; 5 (5)                     ; 0           ; 0          ; 0            ; 0       ; 0         ; 0    ; 0            ; 0          ; |vector_multiplier_fpga|sld_signaltap:auto_signaltap_0|sld_signaltap_impl:sld_signaltap_body|sld_signaltap_implb:sld_signaltap_body|sld_offload_buffer_mgr:\stp_non_zero_depth_offload_gen:stp_offload_buff_mgr_inst|lpm_counter:\adv_point_3_and_more:advance_pointer_counter|cntr_7rh:auto_generated                                                                                                                     ; cntr_7rh                                                    ; work         ;
;                |lpm_counter:read_pointer_counter|                                                                                       ; 8 (0)               ; 8 (0)                     ; 0           ; 0          ; 0            ; 0       ; 0         ; 0    ; 0            ; 0          ; |vector_multiplier_fpga|sld_signaltap:auto_signaltap_0|sld_signaltap_impl:sld_signaltap_body|sld_signaltap_implb:sld_signaltap_body|sld_offload_buffer_mgr:\stp_non_zero_depth_offload_gen:stp_offload_buff_mgr_inst|lpm_counter:read_pointer_counter                                                                                                                                                                      ; lpm_counter                                                 ; work         ;
;                   |cntr_bhi:auto_generated|                                                                                             ; 8 (8)               ; 8 (8)                     ; 0           ; 0          ; 0            ; 0       ; 0         ; 0    ; 0            ; 0          ; |vector_multiplier_fpga|sld_signaltap:auto_signaltap_0|sld_signaltap_impl:sld_signaltap_body|sld_signaltap_implb:sld_signaltap_body|sld_offload_buffer_mgr:\stp_non_zero_depth_offload_gen:stp_offload_buff_mgr_inst|lpm_counter:read_pointer_counter|cntr_bhi:auto_generated                                                                                                                                              ; cntr_bhi                                                    ; work         ;
;                |lpm_counter:status_advance_pointer_counter|                                                                             ; 7 (0)               ; 5 (0)                     ; 0           ; 0          ; 0            ; 0       ; 0         ; 0    ; 0            ; 0          ; |vector_multiplier_fpga|sld_signaltap:auto_signaltap_0|sld_signaltap_impl:sld_signaltap_body|sld_signaltap_implb:sld_signaltap_body|sld_offload_buffer_mgr:\stp_non_zero_depth_offload_gen:stp_offload_buff_mgr_inst|lpm_counter:status_advance_pointer_counter                                                                                                                                                            ; lpm_counter                                                 ; work         ;
;                   |cntr_7rh:auto_generated|                                                                                             ; 7 (7)               ; 5 (5)                     ; 0           ; 0          ; 0            ; 0       ; 0         ; 0    ; 0            ; 0          ; |vector_multiplier_fpga|sld_signaltap:auto_signaltap_0|sld_signaltap_impl:sld_signaltap_body|sld_signaltap_implb:sld_signaltap_body|sld_offload_buffer_mgr:\stp_non_zero_depth_offload_gen:stp_offload_buff_mgr_inst|lpm_counter:status_advance_pointer_counter|cntr_7rh:auto_generated                                                                                                                                    ; cntr_7rh                                                    ; work         ;
;                |lpm_counter:status_read_pointer_counter|                                                                                ; 3 (0)               ; 1 (0)                     ; 0           ; 0          ; 0            ; 0       ; 0         ; 0    ; 0            ; 0          ; |vector_multiplier_fpga|sld_signaltap:auto_signaltap_0|sld_signaltap_impl:sld_signaltap_body|sld_signaltap_implb:sld_signaltap_body|sld_offload_buffer_mgr:\stp_non_zero_depth_offload_gen:stp_offload_buff_mgr_inst|lpm_counter:status_read_pointer_counter                                                                                                                                                               ; lpm_counter                                                 ; work         ;
;                   |cntr_odi:auto_generated|                                                                                             ; 3 (3)               ; 1 (1)                     ; 0           ; 0          ; 0            ; 0       ; 0         ; 0    ; 0            ; 0          ; |vector_multiplier_fpga|sld_signaltap:auto_signaltap_0|sld_signaltap_impl:sld_signaltap_body|sld_signaltap_implb:sld_signaltap_body|sld_offload_buffer_mgr:\stp_non_zero_depth_offload_gen:stp_offload_buff_mgr_inst|lpm_counter:status_read_pointer_counter|cntr_odi:auto_generated                                                                                                                                       ; cntr_odi                                                    ; work         ;
;                |lpm_shiftreg:info_data_shift_out|                                                                                       ; 17 (17)             ; 17 (17)                   ; 0           ; 0          ; 0            ; 0       ; 0         ; 0    ; 0            ; 0          ; |vector_multiplier_fpga|sld_signaltap:auto_signaltap_0|sld_signaltap_impl:sld_signaltap_body|sld_signaltap_implb:sld_signaltap_body|sld_offload_buffer_mgr:\stp_non_zero_depth_offload_gen:stp_offload_buff_mgr_inst|lpm_shiftreg:info_data_shift_out                                                                                                                                                                      ; lpm_shiftreg                                                ; work         ;
;                |lpm_shiftreg:ram_data_shift_out|                                                                                        ; 17 (17)             ; 17 (17)                   ; 0           ; 0          ; 0            ; 0       ; 0         ; 0    ; 0            ; 0          ; |vector_multiplier_fpga|sld_signaltap:auto_signaltap_0|sld_signaltap_impl:sld_signaltap_body|sld_signaltap_implb:sld_signaltap_body|sld_offload_buffer_mgr:\stp_non_zero_depth_offload_gen:stp_offload_buff_mgr_inst|lpm_shiftreg:ram_data_shift_out                                                                                                                                                                       ; lpm_shiftreg                                                ; work         ;
;                |lpm_shiftreg:status_data_shift_out|                                                                                     ; 17 (17)             ; 17 (17)                   ; 0           ; 0          ; 0            ; 0       ; 0         ; 0    ; 0            ; 0          ; |vector_multiplier_fpga|sld_signaltap:auto_signaltap_0|sld_signaltap_impl:sld_signaltap_body|sld_signaltap_implb:sld_signaltap_body|sld_offload_buffer_mgr:\stp_non_zero_depth_offload_gen:stp_offload_buff_mgr_inst|lpm_shiftreg:status_data_shift_out                                                                                                                                                                    ; lpm_shiftreg                                                ; work         ;
;             |sld_rom_sr:crc_rom_sr|                                                                                                     ; 30 (30)             ; 8 (8)                     ; 0           ; 0          ; 0            ; 0       ; 0         ; 0    ; 0            ; 0          ; |vector_multiplier_fpga|sld_signaltap:auto_signaltap_0|sld_signaltap_impl:sld_signaltap_body|sld_signaltap_implb:sld_signaltap_body|sld_rom_sr:crc_rom_sr                                                                                                                                                                                                                                                                  ; sld_rom_sr                                                  ; work         ;
+-----------------------------------------------------------------------------------------------------------------------------------------+---------------------+---------------------------+-------------+------------+--------------+---------+-----------+------+--------------+------------+----------------------------------------------------------------------------------------------------------------------------------------------------------------------------------------------------------------------------------------------------------------------------------------------------------------------------------------------------------------------------------------------------------------------------+-------------------------------------------------------------+--------------+
Note: For table entries with two numbers listed, the numbers in parentheses indicate the number of resources of the given type used by the specific entity alone. The numbers listed outside of parentheses indicate the total resources of the given type used by the specific entity and all of its sub-entities in the hierarchy.


+-------------------------------------------------------------------------------------------------------------------------------------------------------------------------------------------------------------------------------------------------------------------------------------------------------------------+
; Analysis & Synthesis RAM Summary                                                                                                                                                                                                                                                                                  ;
+-------------------------------------------------------------------------------------------------------------------------------------------------------------------------------------------------------+------+------------------+--------------+--------------+--------------+--------------+------+--------------+
; Name                                                                                                                                                                                                  ; Type ; Mode             ; Port A Depth ; Port A Width ; Port B Depth ; Port B Width ; Size ; MIF          ;
+-------------------------------------------------------------------------------------------------------------------------------------------------------------------------------------------------------+------+------------------+--------------+--------------+--------------+--------------+------+--------------+
; memoryU:inst|altsyncram:altsyncram_component|altsyncram_goq3:auto_generated|ALTSYNCRAM                                                                                                                ; AUTO ; ROM              ; 256          ; 8            ; --           ; --           ; 2048 ; vector_u.mif ;
; memoryV:inst2|altsyncram:altsyncram_component|altsyncram_hoq3:auto_generated|ALTSYNCRAM                                                                                                               ; AUTO ; ROM              ; 256          ; 8            ; --           ; --           ; 2048 ; vector_v.mif ;
; sld_signaltap:auto_signaltap_0|sld_signaltap_impl:sld_signaltap_body|sld_signaltap_implb:sld_signaltap_body|altsyncram:\stp_non_zero_ram_gen:stp_buffer_ram|altsyncram_2g14:auto_generated|ALTSYNCRAM ; AUTO ; Simple Dual Port ; 256          ; 17           ; 256          ; 17           ; 4352 ; None         ;
+-------------------------------------------------------------------------------------------------------------------------------------------------------------------------------------------------------+------+------------------+--------------+--------------+--------------+--------------+------+--------------+


+-----------------------------------------------------+
; Analysis & Synthesis DSP Block Usage Summary        ;
+---------------------------------------+-------------+
; Statistic                             ; Number Used ;
+---------------------------------------+-------------+
; Simple Multipliers (9-bit)            ; 1           ;
; Simple Multipliers (18-bit)           ; 0           ;
; Embedded Multiplier Blocks            ; --          ;
; Embedded Multiplier 9-bit elements    ; 1           ;
; Signed Embedded Multipliers           ; 0           ;
; Unsigned Embedded Multipliers         ; 1           ;
; Mixed Sign Embedded Multipliers       ; 0           ;
; Variable Sign Embedded Multipliers    ; 0           ;
; Dedicated Input Shift Register Chains ; 0           ;
+---------------------------------------+-------------+
Note: number of Embedded Multiplier Blocks used is only available after a successful fit.


+---------------------------------------------------------------------------------------------------------------------------------------------------------------------------------------------------------------------------------------------------------------------------------------------------------------------------------------------------------------------------------------------------------------------------------------+
; Analysis & Synthesis IP Cores Summary                                                                                                                                                                                                                                                                                                                                                                                                 ;
+--------+--------------+---------+--------------+--------------+-----------------------------------------------------------------------------------------------------------------------------------------------------------------------------------------------------------------------------------------------------------------------------------------------------------------------------------------------------+-----------------+
; Vendor ; IP Core Name ; Version ; Release Date ; License Type ; Entity Instance                                                                                                                                                                                                                                                                                                                                     ; IP Include File ;
+--------+--------------+---------+--------------+--------------+-----------------------------------------------------------------------------------------------------------------------------------------------------------------------------------------------------------------------------------------------------------------------------------------------------------------------------------------------------+-----------------+
; Altera ; Signal Tap   ; N/A     ; N/A          ; Licensed     ; |vector_multiplier_fpga|sld_hub:auto_hub|alt_sld_fab_with_jtag_input:\instrumentation_fabric_with_node_gen:fabric_gen_new_way:with_jtag_input_gen:instrumentation_fabric|alt_sld_fab:instrumentation_fabric                                                                                                                                         ;                 ;
; Altera ; Signal Tap   ; N/A     ; N/A          ; Licensed     ; |vector_multiplier_fpga|sld_hub:auto_hub|alt_sld_fab_with_jtag_input:\instrumentation_fabric_with_node_gen:fabric_gen_new_way:with_jtag_input_gen:instrumentation_fabric|alt_sld_fab:instrumentation_fabric|alt_sld_fab_alt_sld_fab:alt_sld_fab                                                                                                     ;                 ;
; Altera ; Signal Tap   ; N/A     ; N/A          ; Licensed     ; |vector_multiplier_fpga|sld_hub:auto_hub|alt_sld_fab_with_jtag_input:\instrumentation_fabric_with_node_gen:fabric_gen_new_way:with_jtag_input_gen:instrumentation_fabric|alt_sld_fab:instrumentation_fabric|alt_sld_fab_alt_sld_fab:alt_sld_fab|alt_sld_fab_alt_sld_fab_presplit:presplit                                                           ;                 ;
; Altera ; Signal Tap   ; N/A     ; N/A          ; Licensed     ; |vector_multiplier_fpga|sld_hub:auto_hub|alt_sld_fab_with_jtag_input:\instrumentation_fabric_with_node_gen:fabric_gen_new_way:with_jtag_input_gen:instrumentation_fabric|alt_sld_fab:instrumentation_fabric|alt_sld_fab_alt_sld_fab:alt_sld_fab|alt_sld_fab_alt_sld_fab_sldfabric:sldfabric                                                         ;                 ;
; Altera ; Signal Tap   ; N/A     ; N/A          ; Licensed     ; |vector_multiplier_fpga|sld_hub:auto_hub|alt_sld_fab_with_jtag_input:\instrumentation_fabric_with_node_gen:fabric_gen_new_way:with_jtag_input_gen:instrumentation_fabric|alt_sld_fab:instrumentation_fabric|alt_sld_fab_alt_sld_fab:alt_sld_fab|alt_sld_fab_alt_sld_fab_splitter:splitter                                                           ;                 ;
; Altera ; Signal Tap   ; N/A     ; N/A          ; Licensed     ; |vector_multiplier_fpga|sld_signaltap:auto_signaltap_0|sld_signaltap_impl:sld_signaltap_body|sld_signaltap_implb:sld_signaltap_body|sld_ela_control:ela_control|sld_ela_trigger:\multi_level_advanced_trigger_gen:advanced_trigger_wrapper|sld_ela_trigger_j8q:auto_generated|sld_reserved_vector_multiplier_fpga_auto_signaltap_0_1_e34b:mgl_prim1 ;                 ;
; Altera ; LPM_MULT     ; 18.1    ; N/A          ; N/A          ; |vector_multiplier_fpga|multiplier:inst1                                                                                                                                                                                                                                                                                                            ; multiplier.vhd  ;
; Altera ; LPM_COMPARE  ; 18.1    ; N/A          ; N/A          ; |vector_multiplier_fpga|comparator:inst3                                                                                                                                                                                                                                                                                                            ; comparator.vhd  ;
+--------+--------------+---------+--------------+--------------+-----------------------------------------------------------------------------------------------------------------------------------------------------------------------------------------------------------------------------------------------------------------------------------------------------------------------------------------------------+-----------------+


+---------------------------------------------------------------------------------------------------------------------------------------------------------------------------------------------------------------------------------------------------------------------------------------------------------------------------------------------------------------------------------------------+
; Registers Removed During Synthesis                                                                                                                                                                                                                                                                                                                                                          ;
+----------------------------------------------------------------------------------------------------------------------------------------------------------------------------------------+----------------------------------------------------------------------------------------------------------------------------------------------------------------------------------------------------+
; Register name                                                                                                                                                                          ; Reason for Removal                                                                                                                                                                                 ;
+----------------------------------------------------------------------------------------------------------------------------------------------------------------------------------------+----------------------------------------------------------------------------------------------------------------------------------------------------------------------------------------------------+
; sld_signaltap:auto_signaltap_0|sld_signaltap_impl:sld_signaltap_body|sld_signaltap_implb:sld_signaltap_body|segment_shift_clk_ena                                                      ; Merged with sld_signaltap:auto_signaltap_0|sld_signaltap_impl:sld_signaltap_body|sld_signaltap_implb:sld_signaltap_body|buffer_write_enable_delayed                                                ;
; sld_signaltap:auto_signaltap_0|sld_signaltap_impl:sld_signaltap_body|sld_signaltap_implb:sld_signaltap_body|sld_buffer_manager:sld_buffer_manager_inst|\buffer_manager:offset_count[0] ; Merged with sld_signaltap:auto_signaltap_0|sld_signaltap_impl:sld_signaltap_body|sld_signaltap_implb:sld_signaltap_body|sld_buffer_manager:sld_buffer_manager_inst|\buffer_manager:next_address[0] ;
; sld_signaltap:auto_signaltap_0|sld_signaltap_impl:sld_signaltap_body|sld_signaltap_implb:sld_signaltap_body|sld_buffer_manager:sld_buffer_manager_inst|\buffer_manager:offset_count[1] ; Merged with sld_signaltap:auto_signaltap_0|sld_signaltap_impl:sld_signaltap_body|sld_signaltap_implb:sld_signaltap_body|sld_buffer_manager:sld_buffer_manager_inst|\buffer_manager:next_address[1] ;
; sld_signaltap:auto_signaltap_0|sld_signaltap_impl:sld_signaltap_body|sld_signaltap_implb:sld_signaltap_body|sld_buffer_manager:sld_buffer_manager_inst|\buffer_manager:offset_count[2] ; Merged with sld_signaltap:auto_signaltap_0|sld_signaltap_impl:sld_signaltap_body|sld_signaltap_implb:sld_signaltap_body|sld_buffer_manager:sld_buffer_manager_inst|\buffer_manager:next_address[2] ;
; sld_signaltap:auto_signaltap_0|sld_signaltap_impl:sld_signaltap_body|sld_signaltap_implb:sld_signaltap_body|sld_buffer_manager:sld_buffer_manager_inst|\buffer_manager:offset_count[3] ; Merged with sld_signaltap:auto_signaltap_0|sld_signaltap_impl:sld_signaltap_body|sld_signaltap_implb:sld_signaltap_body|sld_buffer_manager:sld_buffer_manager_inst|\buffer_manager:next_address[3] ;
; sld_signaltap:auto_signaltap_0|sld_signaltap_impl:sld_signaltap_body|sld_signaltap_implb:sld_signaltap_body|sld_buffer_manager:sld_buffer_manager_inst|\buffer_manager:offset_count[4] ; Merged with sld_signaltap:auto_signaltap_0|sld_signaltap_impl:sld_signaltap_body|sld_signaltap_implb:sld_signaltap_body|sld_buffer_manager:sld_buffer_manager_inst|\buffer_manager:next_address[4] ;
; sld_signaltap:auto_signaltap_0|sld_signaltap_impl:sld_signaltap_body|sld_signaltap_implb:sld_signaltap_body|sld_buffer_manager:sld_buffer_manager_inst|\buffer_manager:offset_count[5] ; Merged with sld_signaltap:auto_signaltap_0|sld_signaltap_impl:sld_signaltap_body|sld_signaltap_implb:sld_signaltap_body|sld_buffer_manager:sld_buffer_manager_inst|\buffer_manager:next_address[5] ;
; sld_signaltap:auto_signaltap_0|sld_signaltap_impl:sld_signaltap_body|sld_signaltap_implb:sld_signaltap_body|sld_buffer_manager:sld_buffer_manager_inst|\buffer_manager:offset_count[6] ; Merged with sld_signaltap:auto_signaltap_0|sld_signaltap_impl:sld_signaltap_body|sld_signaltap_implb:sld_signaltap_body|sld_buffer_manager:sld_buffer_manager_inst|\buffer_manager:next_address[6] ;
; sld_signaltap:auto_signaltap_0|sld_signaltap_impl:sld_signaltap_body|sld_signaltap_implb:sld_signaltap_body|sld_buffer_manager:sld_buffer_manager_inst|\buffer_manager:offset_count[7] ; Merged with sld_signaltap:auto_signaltap_0|sld_signaltap_impl:sld_signaltap_body|sld_signaltap_implb:sld_signaltap_body|sld_buffer_manager:sld_buffer_manager_inst|\buffer_manager:next_address[7] ;
; sld_signaltap:auto_signaltap_0|sld_signaltap_impl:sld_signaltap_body|sld_signaltap_implb:sld_signaltap_body|current_offset_delayed[0]                                                  ; Merged with sld_signaltap:auto_signaltap_0|sld_signaltap_impl:sld_signaltap_body|sld_signaltap_implb:sld_signaltap_body|buffer_write_address_delayed[0]                                            ;
; sld_signaltap:auto_signaltap_0|sld_signaltap_impl:sld_signaltap_body|sld_signaltap_implb:sld_signaltap_body|buffer_write_address_delayed_pipe_reg[0][0]                                ; Merged with sld_signaltap:auto_signaltap_0|sld_signaltap_impl:sld_signaltap_body|sld_signaltap_implb:sld_signaltap_body|status_data_pipe_reg[0][9]                                                 ;
; sld_signaltap:auto_signaltap_0|sld_signaltap_impl:sld_signaltap_body|sld_signaltap_implb:sld_signaltap_body|buffer_write_enable_delayed_pipe_reg[0]                                    ; Merged with sld_signaltap:auto_signaltap_0|sld_signaltap_impl:sld_signaltap_body|sld_signaltap_implb:sld_signaltap_body|segment_shift_clk_ena_pipe_reg[0]                                          ;
; sld_signaltap:auto_signaltap_0|sld_signaltap_impl:sld_signaltap_body|sld_signaltap_implb:sld_signaltap_body|current_offset_delayed[1]                                                  ; Merged with sld_signaltap:auto_signaltap_0|sld_signaltap_impl:sld_signaltap_body|sld_signaltap_implb:sld_signaltap_body|buffer_write_address_delayed[1]                                            ;
; sld_signaltap:auto_signaltap_0|sld_signaltap_impl:sld_signaltap_body|sld_signaltap_implb:sld_signaltap_body|current_offset_delayed[2]                                                  ; Merged with sld_signaltap:auto_signaltap_0|sld_signaltap_impl:sld_signaltap_body|sld_signaltap_implb:sld_signaltap_body|buffer_write_address_delayed[2]                                            ;
; sld_signaltap:auto_signaltap_0|sld_signaltap_impl:sld_signaltap_body|sld_signaltap_implb:sld_signaltap_body|current_offset_delayed[3]                                                  ; Merged with sld_signaltap:auto_signaltap_0|sld_signaltap_impl:sld_signaltap_body|sld_signaltap_implb:sld_signaltap_body|buffer_write_address_delayed[3]                                            ;
; sld_signaltap:auto_signaltap_0|sld_signaltap_impl:sld_signaltap_body|sld_signaltap_implb:sld_signaltap_body|current_offset_delayed[4]                                                  ; Merged with sld_signaltap:auto_signaltap_0|sld_signaltap_impl:sld_signaltap_body|sld_signaltap_implb:sld_signaltap_body|buffer_write_address_delayed[4]                                            ;
; sld_signaltap:auto_signaltap_0|sld_signaltap_impl:sld_signaltap_body|sld_signaltap_implb:sld_signaltap_body|current_offset_delayed[5]                                                  ; Merged with sld_signaltap:auto_signaltap_0|sld_signaltap_impl:sld_signaltap_body|sld_signaltap_implb:sld_signaltap_body|buffer_write_address_delayed[5]                                            ;
; sld_signaltap:auto_signaltap_0|sld_signaltap_impl:sld_signaltap_body|sld_signaltap_implb:sld_signaltap_body|current_offset_delayed[6]                                                  ; Merged with sld_signaltap:auto_signaltap_0|sld_signaltap_impl:sld_signaltap_body|sld_signaltap_implb:sld_signaltap_body|buffer_write_address_delayed[6]                                            ;
; sld_signaltap:auto_signaltap_0|sld_signaltap_impl:sld_signaltap_body|sld_signaltap_implb:sld_signaltap_body|current_offset_delayed[7]                                                  ; Merged with sld_signaltap:auto_signaltap_0|sld_signaltap_impl:sld_signaltap_body|sld_signaltap_implb:sld_signaltap_body|buffer_write_address_delayed[7]                                            ;
; sld_signaltap:auto_signaltap_0|sld_signaltap_impl:sld_signaltap_body|sld_signaltap_implb:sld_signaltap_body|buffer_write_address_delayed_pipe_reg[0][1]                                ; Merged with sld_signaltap:auto_signaltap_0|sld_signaltap_impl:sld_signaltap_body|sld_signaltap_implb:sld_signaltap_body|status_data_pipe_reg[0][10]                                                ;
; sld_signaltap:auto_signaltap_0|sld_signaltap_impl:sld_signaltap_body|sld_signaltap_implb:sld_signaltap_body|buffer_write_address_delayed_pipe_reg[0][2]                                ; Merged with sld_signaltap:auto_signaltap_0|sld_signaltap_impl:sld_signaltap_body|sld_signaltap_implb:sld_signaltap_body|status_data_pipe_reg[0][11]                                                ;
; sld_signaltap:auto_signaltap_0|sld_signaltap_impl:sld_signaltap_body|sld_signaltap_implb:sld_signaltap_body|buffer_write_address_delayed_pipe_reg[0][3]                                ; Merged with sld_signaltap:auto_signaltap_0|sld_signaltap_impl:sld_signaltap_body|sld_signaltap_implb:sld_signaltap_body|status_data_pipe_reg[0][12]                                                ;
; sld_signaltap:auto_signaltap_0|sld_signaltap_impl:sld_signaltap_body|sld_signaltap_implb:sld_signaltap_body|buffer_write_address_delayed_pipe_reg[0][4]                                ; Merged with sld_signaltap:auto_signaltap_0|sld_signaltap_impl:sld_signaltap_body|sld_signaltap_implb:sld_signaltap_body|status_data_pipe_reg[0][13]                                                ;
; sld_signaltap:auto_signaltap_0|sld_signaltap_impl:sld_signaltap_body|sld_signaltap_implb:sld_signaltap_body|buffer_write_address_delayed_pipe_reg[0][5]                                ; Merged with sld_signaltap:auto_signaltap_0|sld_signaltap_impl:sld_signaltap_body|sld_signaltap_implb:sld_signaltap_body|status_data_pipe_reg[0][14]                                                ;
; sld_signaltap:auto_signaltap_0|sld_signaltap_impl:sld_signaltap_body|sld_signaltap_implb:sld_signaltap_body|buffer_write_address_delayed_pipe_reg[0][6]                                ; Merged with sld_signaltap:auto_signaltap_0|sld_signaltap_impl:sld_signaltap_body|sld_signaltap_implb:sld_signaltap_body|status_data_pipe_reg[0][15]                                                ;
; sld_signaltap:auto_signaltap_0|sld_signaltap_impl:sld_signaltap_body|sld_signaltap_implb:sld_signaltap_body|buffer_write_address_delayed_pipe_reg[0][7]                                ; Merged with sld_signaltap:auto_signaltap_0|sld_signaltap_impl:sld_signaltap_body|sld_signaltap_implb:sld_signaltap_body|status_data_pipe_reg[0][16]                                                ;
; sld_signaltap:auto_signaltap_0|sld_signaltap_impl:sld_signaltap_body|sld_signaltap_implb:sld_signaltap_body|serial_crc_16:\tdo_crc_gen:tdo_crc_calc|lfsr[13..15]                       ; Stuck at GND due to stuck port data_in                                                                                                                                                             ;
; Total Number of Removed Registers = 29                                                                                                                                                 ;                                                                                                                                                                                                    ;
+----------------------------------------------------------------------------------------------------------------------------------------------------------------------------------------+----------------------------------------------------------------------------------------------------------------------------------------------------------------------------------------------------+


+----------------------------------------------------------------------------------------------------------------------------------------------------------------------------------------------------------------------------------------------------------------------------------------------------------------------------------------------------------+
; Removed Registers Triggering Further Register Optimizations                                                                                                                                                                                                                                                                                              ;
+--------------------------------------------------------------------------------------------------------------------------------------------------------------+---------------------------+---------------------------------------------------------------------------------------------------------------------------------------------------------------+
; Register name                                                                                                                                                ; Reason for Removal        ; Registers Removed due to This Register                                                                                                                        ;
+--------------------------------------------------------------------------------------------------------------------------------------------------------------+---------------------------+---------------------------------------------------------------------------------------------------------------------------------------------------------------+
; sld_signaltap:auto_signaltap_0|sld_signaltap_impl:sld_signaltap_body|sld_signaltap_implb:sld_signaltap_body|serial_crc_16:\tdo_crc_gen:tdo_crc_calc|lfsr[15] ; Stuck at GND              ; sld_signaltap:auto_signaltap_0|sld_signaltap_impl:sld_signaltap_body|sld_signaltap_implb:sld_signaltap_body|serial_crc_16:\tdo_crc_gen:tdo_crc_calc|lfsr[14], ;
;                                                                                                                                                              ; due to stuck port data_in ; sld_signaltap:auto_signaltap_0|sld_signaltap_impl:sld_signaltap_body|sld_signaltap_implb:sld_signaltap_body|serial_crc_16:\tdo_crc_gen:tdo_crc_calc|lfsr[13]  ;
+--------------------------------------------------------------------------------------------------------------------------------------------------------------+---------------------------+---------------------------------------------------------------------------------------------------------------------------------------------------------------+


+------------------------------------------------------+
; General Register Statistics                          ;
+----------------------------------------------+-------+
; Statistic                                    ; Value ;
+----------------------------------------------+-------+
; Total registers                              ; 552   ;
; Number of registers using Synchronous Clear  ; 48    ;
; Number of registers using Synchronous Load   ; 65    ;
; Number of registers using Asynchronous Clear ; 165   ;
; Number of registers using Asynchronous Load  ; 0     ;
; Number of registers using Clock Enable       ; 291   ;
; Number of registers using Preset             ; 0     ;
+----------------------------------------------+-------+


+-------------------------------------------------------------------------------------------------------------------------------------------------------------------------------------------------------------------------------------------------------------------------------------------------------------------------------------------+
; Inverted Register Statistics                                                                                                                                                                                                                                                                                                              ;
+---------------------------------------------------------------------------------------------------------------------------------------------------------------------------------------------------------------------------------------------------------------------------------------------------------------------------------+---------+
; Inverted Register                                                                                                                                                                                                                                                                                                               ; Fan out ;
+---------------------------------------------------------------------------------------------------------------------------------------------------------------------------------------------------------------------------------------------------------------------------------------------------------------------------------+---------+
; sld_hub:auto_hub|alt_sld_fab_with_jtag_input:\instrumentation_fabric_with_node_gen:fabric_gen_new_way:with_jtag_input_gen:instrumentation_fabric|alt_sld_fab:instrumentation_fabric|alt_sld_fab_alt_sld_fab:alt_sld_fab|alt_sld_fab_alt_sld_fab_sldfabric:sldfabric|sld_jtag_hub:\jtag_hub_gen:real_sld_jtag_hub|jtag_ir_reg[2] ; 2       ;
; sld_hub:auto_hub|alt_sld_fab_with_jtag_input:\instrumentation_fabric_with_node_gen:fabric_gen_new_way:with_jtag_input_gen:instrumentation_fabric|alt_sld_fab:instrumentation_fabric|alt_sld_fab_alt_sld_fab:alt_sld_fab|alt_sld_fab_alt_sld_fab_sldfabric:sldfabric|sld_jtag_hub:\jtag_hub_gen:real_sld_jtag_hub|jtag_ir_reg[1] ; 3       ;
; sld_signaltap:auto_signaltap_0|sld_signaltap_impl:sld_signaltap_body|sld_signaltap_implb:sld_signaltap_body|sld_buffer_manager:sld_buffer_manager_inst|modified_post_count[1]                                                                                                                                                   ; 1       ;
; sld_signaltap:auto_signaltap_0|sld_signaltap_impl:sld_signaltap_body|sld_signaltap_implb:sld_signaltap_body|sld_buffer_manager:sld_buffer_manager_inst|modified_post_count[2]                                                                                                                                                   ; 1       ;
; sld_signaltap:auto_signaltap_0|sld_signaltap_impl:sld_signaltap_body|sld_signaltap_implb:sld_signaltap_body|sld_buffer_manager:sld_buffer_manager_inst|modified_post_count[3]                                                                                                                                                   ; 1       ;
; sld_signaltap:auto_signaltap_0|sld_signaltap_impl:sld_signaltap_body|sld_signaltap_implb:sld_signaltap_body|sld_buffer_manager:sld_buffer_manager_inst|modified_post_count[4]                                                                                                                                                   ; 1       ;
; sld_signaltap:auto_signaltap_0|sld_signaltap_impl:sld_signaltap_body|sld_signaltap_implb:sld_signaltap_body|sld_buffer_manager:sld_buffer_manager_inst|modified_post_count[5]                                                                                                                                                   ; 1       ;
; sld_signaltap:auto_signaltap_0|sld_signaltap_impl:sld_signaltap_body|sld_signaltap_implb:sld_signaltap_body|sld_buffer_manager:sld_buffer_manager_inst|modified_post_count[6]                                                                                                                                                   ; 1       ;
; sld_signaltap:auto_signaltap_0|sld_signaltap_impl:sld_signaltap_body|sld_signaltap_implb:sld_signaltap_body|sld_buffer_manager:sld_buffer_manager_inst|modified_post_count[7]                                                                                                                                                   ; 1       ;
; sld_signaltap:auto_signaltap_0|sld_signaltap_impl:sld_signaltap_body|sld_signaltap_implb:sld_signaltap_body|sld_buffer_manager:sld_buffer_manager_inst|modified_post_count[8]                                                                                                                                                   ; 2       ;
; sld_signaltap:auto_signaltap_0|sld_signaltap_impl:sld_signaltap_body|sld_signaltap_implb:sld_signaltap_body|sld_buffer_manager:sld_buffer_manager_inst|modified_post_count[0]                                                                                                                                                   ; 1       ;
; Total number of inverted registers = 11                                                                                                                                                                                                                                                                                         ;         ;
+---------------------------------------------------------------------------------------------------------------------------------------------------------------------------------------------------------------------------------------------------------------------------------------------------------------------------------+---------+


+------------------------------------------------------------------------------------------------------------------------------------------------------------------------------------------------------------------------------------------------------------------------------------------------------------------------------------------------------------------------------------------------------------------------------------------------------------------------------------------------+
; Multiplexer Restructuring Statistics (Restructuring Performed)                                                                                                                                                                                                                                                                                                                                                                                                                                 ;
+--------------------+-----------+---------------+----------------------+------------------------+------------+----------------------------------------------------------------------------------------------------------------------------------------------------------------------------------------------------------------------------------------------------------------------------------------------------------------------------------------------------------------------------------+
; Multiplexer Inputs ; Bus Width ; Baseline Area ; Area if Restructured ; Saving if Restructured ; Registered ; Example Multiplexer Output                                                                                                                                                                                                                                                                                                                                                       ;
+--------------------+-----------+---------------+----------------------+------------------------+------------+----------------------------------------------------------------------------------------------------------------------------------------------------------------------------------------------------------------------------------------------------------------------------------------------------------------------------------------------------------------------------------+
; 3:1                ; 3 bits    ; 6 LEs         ; 3 LEs                ; 3 LEs                  ; Yes        ; |vector_multiplier_fpga|sld_signaltap:auto_signaltap_0|sld_signaltap_impl:sld_signaltap_body|sld_signaltap_implb:sld_signaltap_body|tdo_crc_val_shift_reg[13]                                                                                                                                                                                                                    ;
; 3:1                ; 13 bits   ; 26 LEs        ; 13 LEs               ; 13 LEs                 ; Yes        ; |vector_multiplier_fpga|sld_signaltap:auto_signaltap_0|sld_signaltap_impl:sld_signaltap_body|sld_signaltap_implb:sld_signaltap_body|tdo_crc_val_shift_reg[4]                                                                                                                                                                                                                     ;
; 3:1                ; 13 bits   ; 26 LEs        ; 13 LEs               ; 13 LEs                 ; Yes        ; |vector_multiplier_fpga|sld_signaltap:auto_signaltap_0|sld_signaltap_impl:sld_signaltap_body|sld_signaltap_implb:sld_signaltap_body|serial_crc_16:\tdo_crc_gen:tdo_crc_calc|lfsr[5]                                                                                                                                                                                              ;
; 4:1                ; 32 bits   ; 64 LEs        ; 64 LEs               ; 0 LEs                  ; Yes        ; |vector_multiplier_fpga|sld_signaltap:auto_signaltap_0|sld_signaltap_impl:sld_signaltap_body|sld_signaltap_implb:sld_signaltap_body|tdo_crc_len_reg[26]                                                                                                                                                                                                                          ;
; 4:1                ; 4 bits    ; 8 LEs         ; 4 LEs                ; 4 LEs                  ; Yes        ; |vector_multiplier_fpga|sld_signaltap:auto_signaltap_0|sld_signaltap_impl:sld_signaltap_body|sld_signaltap_implb:sld_signaltap_body|sld_rom_sr:crc_rom_sr|word_counter[0]                                                                                                                                                                                                        ;
; 4:1                ; 9 bits    ; 18 LEs        ; 18 LEs               ; 0 LEs                  ; Yes        ; |vector_multiplier_fpga|sld_signaltap:auto_signaltap_0|sld_signaltap_impl:sld_signaltap_body|sld_signaltap_implb:sld_signaltap_body|sld_buffer_manager:sld_buffer_manager_inst|counter[8]                                                                                                                                                                                        ;
; 12:1               ; 4 bits    ; 32 LEs        ; 24 LEs               ; 8 LEs                  ; Yes        ; |vector_multiplier_fpga|sld_signaltap:auto_signaltap_0|sld_signaltap_impl:sld_signaltap_body|sld_signaltap_implb:sld_signaltap_body|sld_rom_sr:crc_rom_sr|WORD_SR[1]                                                                                                                                                                                                             ;
; 3:1                ; 8 bits    ; 16 LEs        ; 8 LEs                ; 8 LEs                  ; No         ; |vector_multiplier_fpga|sld_signaltap:auto_signaltap_0|sld_signaltap_impl:sld_signaltap_body|sld_signaltap_implb:sld_signaltap_body|sld_buffer_manager:sld_buffer_manager_inst|offset_count                                                                                                                                                                                      ;
; 3:1                ; 9 bits    ; 18 LEs        ; 9 LEs                ; 9 LEs                  ; Yes        ; |vector_multiplier_fpga|sld_hub:auto_hub|alt_sld_fab_with_jtag_input:\instrumentation_fabric_with_node_gen:fabric_gen_new_way:with_jtag_input_gen:instrumentation_fabric|alt_sld_fab:instrumentation_fabric|alt_sld_fab_alt_sld_fab:alt_sld_fab|alt_sld_fab_alt_sld_fab_sldfabric:sldfabric|sld_jtag_hub:\jtag_hub_gen:real_sld_jtag_hub|irsr_reg[0]                             ;
; 3:1                ; 4 bits    ; 8 LEs         ; 4 LEs                ; 4 LEs                  ; Yes        ; |vector_multiplier_fpga|sld_hub:auto_hub|alt_sld_fab_with_jtag_input:\instrumentation_fabric_with_node_gen:fabric_gen_new_way:with_jtag_input_gen:instrumentation_fabric|alt_sld_fab:instrumentation_fabric|alt_sld_fab_alt_sld_fab:alt_sld_fab|alt_sld_fab_alt_sld_fab_sldfabric:sldfabric|sld_jtag_hub:\jtag_hub_gen:real_sld_jtag_hub|hub_minor_ver_reg[3]                    ;
; 4:1                ; 5 bits    ; 10 LEs        ; 5 LEs                ; 5 LEs                  ; Yes        ; |vector_multiplier_fpga|sld_hub:auto_hub|alt_sld_fab_with_jtag_input:\instrumentation_fabric_with_node_gen:fabric_gen_new_way:with_jtag_input_gen:instrumentation_fabric|alt_sld_fab:instrumentation_fabric|alt_sld_fab_alt_sld_fab:alt_sld_fab|alt_sld_fab_alt_sld_fab_sldfabric:sldfabric|sld_jtag_hub:\jtag_hub_gen:real_sld_jtag_hub|sld_rom_sr:hub_info_reg|word_counter[0] ;
; 4:1                ; 5 bits    ; 10 LEs        ; 5 LEs                ; 5 LEs                  ; Yes        ; |vector_multiplier_fpga|sld_hub:auto_hub|alt_sld_fab_with_jtag_input:\instrumentation_fabric_with_node_gen:fabric_gen_new_way:with_jtag_input_gen:instrumentation_fabric|alt_sld_fab:instrumentation_fabric|alt_sld_fab_alt_sld_fab:alt_sld_fab|alt_sld_fab_alt_sld_fab_sldfabric:sldfabric|sld_jtag_hub:\jtag_hub_gen:real_sld_jtag_hub|mixer_addr_reg_internal[4]              ;
; 34:1               ; 4 bits    ; 88 LEs        ; 52 LEs               ; 36 LEs                 ; Yes        ; |vector_multiplier_fpga|sld_hub:auto_hub|alt_sld_fab_with_jtag_input:\instrumentation_fabric_with_node_gen:fabric_gen_new_way:with_jtag_input_gen:instrumentation_fabric|alt_sld_fab:instrumentation_fabric|alt_sld_fab_alt_sld_fab:alt_sld_fab|alt_sld_fab_alt_sld_fab_sldfabric:sldfabric|sld_jtag_hub:\jtag_hub_gen:real_sld_jtag_hub|design_hash_reg[1]                      ;
; 20:1               ; 4 bits    ; 52 LEs        ; 32 LEs               ; 20 LEs                 ; Yes        ; |vector_multiplier_fpga|sld_hub:auto_hub|alt_sld_fab_with_jtag_input:\instrumentation_fabric_with_node_gen:fabric_gen_new_way:with_jtag_input_gen:instrumentation_fabric|alt_sld_fab:instrumentation_fabric|alt_sld_fab_alt_sld_fab:alt_sld_fab|alt_sld_fab_alt_sld_fab_sldfabric:sldfabric|sld_jtag_hub:\jtag_hub_gen:real_sld_jtag_hub|sld_rom_sr:hub_info_reg|WORD_SR[1]      ;
+--------------------+-----------+---------------+----------------------+------------------------+------------+----------------------------------------------------------------------------------------------------------------------------------------------------------------------------------------------------------------------------------------------------------------------------------------------------------------------------------------------------------------------------------+


+----------------------------------------------------------------------------------------------------+
; Source assignments for memoryU:inst|altsyncram:altsyncram_component|altsyncram_goq3:auto_generated ;
+---------------------------------+--------------------+------+--------------------------------------+
; Assignment                      ; Value              ; From ; To                                   ;
+---------------------------------+--------------------+------+--------------------------------------+
; OPTIMIZE_POWER_DURING_SYNTHESIS ; NORMAL_COMPILATION ; -    ; -                                    ;
+---------------------------------+--------------------+------+--------------------------------------+


+-----------------------------------------------------------------------------------------------------+
; Source assignments for memoryV:inst2|altsyncram:altsyncram_component|altsyncram_hoq3:auto_generated ;
+---------------------------------+--------------------+------+---------------------------------------+
; Assignment                      ; Value              ; From ; To                                    ;
+---------------------------------+--------------------+------+---------------------------------------+
; OPTIMIZE_POWER_DURING_SYNTHESIS ; NORMAL_COMPILATION ; -    ; -                                     ;
+---------------------------------+--------------------+------+---------------------------------------+


+-------------------------------------------------------+
; Source assignments for sld_signaltap:auto_signaltap_0 ;
+-----------------+-------+------+----------------------+
; Assignment      ; Value ; From ; To                   ;
+-----------------+-------+------+----------------------+
; MESSAGE_DISABLE ; 13410 ; -    ; -                    ;
+-----------------+-------+------+----------------------+


+-------------------------------------------------------------------------------------------+
; Parameter Settings for User Entity Instance: multiplier:inst1|lpm_mult:lpm_mult_component ;
+------------------------------------------------+----------+-------------------------------+
; Parameter Name                                 ; Value    ; Type                          ;
+------------------------------------------------+----------+-------------------------------+
; AUTO_CARRY_CHAINS                              ; ON       ; AUTO_CARRY                    ;
; IGNORE_CARRY_BUFFERS                           ; OFF      ; IGNORE_CARRY                  ;
; AUTO_CASCADE_CHAINS                            ; ON       ; AUTO_CASCADE                  ;
; IGNORE_CASCADE_BUFFERS                         ; OFF      ; IGNORE_CASCADE                ;
; LPM_WIDTHA                                     ; 8        ; Signed Integer                ;
; LPM_WIDTHB                                     ; 8        ; Signed Integer                ;
; LPM_WIDTHP                                     ; 16       ; Signed Integer                ;
; LPM_WIDTHR                                     ; 0        ; Untyped                       ;
; LPM_WIDTHS                                     ; 1        ; Untyped                       ;
; LPM_REPRESENTATION                             ; UNSIGNED ; Untyped                       ;
; LPM_PIPELINE                                   ; 0        ; Untyped                       ;
; LATENCY                                        ; 0        ; Untyped                       ;
; INPUT_A_IS_CONSTANT                            ; NO       ; Untyped                       ;
; INPUT_B_IS_CONSTANT                            ; NO       ; Untyped                       ;
; USE_EAB                                        ; OFF      ; Untyped                       ;
; MAXIMIZE_SPEED                                 ; 5        ; Untyped                       ;
; DEVICE_FAMILY                                  ; MAX 10   ; Untyped                       ;
; CARRY_CHAIN                                    ; MANUAL   ; Untyped                       ;
; APEX20K_TECHNOLOGY_MAPPER                      ; LUT      ; TECH_MAPPER_APEX20K           ;
; DEDICATED_MULTIPLIER_CIRCUITRY                 ; AUTO     ; Untyped                       ;
; DEDICATED_MULTIPLIER_MIN_INPUT_WIDTH_FOR_AUTO  ; 0        ; Untyped                       ;
; DEDICATED_MULTIPLIER_MIN_OUTPUT_WIDTH_FOR_AUTO ; 0        ; Untyped                       ;
; CBXI_PARAMETER                                 ; mult_inm ; Untyped                       ;
; INPUT_A_FIXED_VALUE                            ; Bx       ; Untyped                       ;
; INPUT_B_FIXED_VALUE                            ; Bx       ; Untyped                       ;
; USE_AHDL_IMPLEMENTATION                        ; OFF      ; Untyped                       ;
+------------------------------------------------+----------+-------------------------------+
Note: In order to hide this table in the UI and the text report file, please set the "Show Parameter Settings in Synthesis Report" option in "Analysis and Synthesis Settings -> More Settings" to "Off".


+-------------------------------------------------------------------------------------------+
; Parameter Settings for User Entity Instance: memoryU:inst|altsyncram:altsyncram_component ;
+------------------------------------+----------------------+-------------------------------+
; Parameter Name                     ; Value                ; Type                          ;
+------------------------------------+----------------------+-------------------------------+
; BYTE_SIZE_BLOCK                    ; 8                    ; Untyped                       ;
; AUTO_CARRY_CHAINS                  ; ON                   ; AUTO_CARRY                    ;
; IGNORE_CARRY_BUFFERS               ; OFF                  ; IGNORE_CARRY                  ;
; AUTO_CASCADE_CHAINS                ; ON                   ; AUTO_CASCADE                  ;
; IGNORE_CASCADE_BUFFERS             ; OFF                  ; IGNORE_CASCADE                ;
; WIDTH_BYTEENA                      ; 1                    ; Untyped                       ;
; OPERATION_MODE                     ; ROM                  ; Untyped                       ;
; WIDTH_A                            ; 8                    ; Signed Integer                ;
; WIDTHAD_A                          ; 8                    ; Signed Integer                ;
; NUMWORDS_A                         ; 256                  ; Signed Integer                ;
; OUTDATA_REG_A                      ; CLOCK0               ; Untyped                       ;
; ADDRESS_ACLR_A                     ; NONE                 ; Untyped                       ;
; OUTDATA_ACLR_A                     ; NONE                 ; Untyped                       ;
; WRCONTROL_ACLR_A                   ; NONE                 ; Untyped                       ;
; INDATA_ACLR_A                      ; NONE                 ; Untyped                       ;
; BYTEENA_ACLR_A                     ; NONE                 ; Untyped                       ;
; WIDTH_B                            ; 1                    ; Signed Integer                ;
; WIDTHAD_B                          ; 1                    ; Signed Integer                ;
; NUMWORDS_B                         ; 0                    ; Signed Integer                ;
; INDATA_REG_B                       ; CLOCK1               ; Untyped                       ;
; WRCONTROL_WRADDRESS_REG_B          ; CLOCK1               ; Untyped                       ;
; RDCONTROL_REG_B                    ; CLOCK1               ; Untyped                       ;
; ADDRESS_REG_B                      ; CLOCK1               ; Untyped                       ;
; OUTDATA_REG_B                      ; UNREGISTERED         ; Untyped                       ;
; BYTEENA_REG_B                      ; CLOCK1               ; Untyped                       ;
; INDATA_ACLR_B                      ; NONE                 ; Untyped                       ;
; WRCONTROL_ACLR_B                   ; NONE                 ; Untyped                       ;
; ADDRESS_ACLR_B                     ; NONE                 ; Untyped                       ;
; OUTDATA_ACLR_B                     ; NONE                 ; Untyped                       ;
; RDCONTROL_ACLR_B                   ; NONE                 ; Untyped                       ;
; BYTEENA_ACLR_B                     ; NONE                 ; Untyped                       ;
; WIDTH_BYTEENA_A                    ; 1                    ; Signed Integer                ;
; WIDTH_BYTEENA_B                    ; 1                    ; Signed Integer                ;
; RAM_BLOCK_TYPE                     ; AUTO                 ; Untyped                       ;
; BYTE_SIZE                          ; 8                    ; Signed Integer                ;
; READ_DURING_WRITE_MODE_MIXED_PORTS ; DONT_CARE            ; Untyped                       ;
; READ_DURING_WRITE_MODE_PORT_A      ; NEW_DATA_NO_NBE_READ ; Untyped                       ;
; READ_DURING_WRITE_MODE_PORT_B      ; NEW_DATA_NO_NBE_READ ; Untyped                       ;
; INIT_FILE                          ; vector_u.mif         ; Untyped                       ;
; INIT_FILE_LAYOUT                   ; PORT_A               ; Untyped                       ;
; MAXIMUM_DEPTH                      ; 0                    ; Signed Integer                ;
; CLOCK_ENABLE_INPUT_A               ; BYPASS               ; Untyped                       ;
; CLOCK_ENABLE_INPUT_B               ; NORMAL               ; Untyped                       ;
; CLOCK_ENABLE_OUTPUT_A              ; BYPASS               ; Untyped                       ;
; CLOCK_ENABLE_OUTPUT_B              ; NORMAL               ; Untyped                       ;
; CLOCK_ENABLE_CORE_A                ; USE_INPUT_CLKEN      ; Untyped                       ;
; CLOCK_ENABLE_CORE_B                ; USE_INPUT_CLKEN      ; Untyped                       ;
; ENABLE_ECC                         ; FALSE                ; Untyped                       ;
; ECC_PIPELINE_STAGE_ENABLED         ; FALSE                ; Untyped                       ;
; WIDTH_ECCSTATUS                    ; 3                    ; Signed Integer                ;
; DEVICE_FAMILY                      ; MAX 10               ; Untyped                       ;
; CBXI_PARAMETER                     ; altsyncram_goq3      ; Untyped                       ;
+------------------------------------+----------------------+-------------------------------+
Note: In order to hide this table in the UI and the text report file, please set the "Show Parameter Settings in Synthesis Report" option in "Analysis and Synthesis Settings -> More Settings" to "Off".


+----------------------------------------------------------------------------------------------------+
; Parameter Settings for User Entity Instance: clock_divider:inst5|lpm_counter:LPM_COUNTER_component ;
+------------------------+-------------+-------------------------------------------------------------+
; Parameter Name         ; Value       ; Type                                                        ;
+------------------------+-------------+-------------------------------------------------------------+
; AUTO_CARRY_CHAINS      ; ON          ; AUTO_CARRY                                                  ;
; IGNORE_CARRY_BUFFERS   ; OFF         ; IGNORE_CARRY                                                ;
; AUTO_CASCADE_CHAINS    ; ON          ; AUTO_CASCADE                                                ;
; IGNORE_CASCADE_BUFFERS ; OFF         ; IGNORE_CASCADE                                              ;
; LPM_WIDTH              ; 9           ; Signed Integer                                              ;
; LPM_DIRECTION          ; UP          ; Untyped                                                     ;
; LPM_MODULUS            ; 0           ; Untyped                                                     ;
; LPM_AVALUE             ; UNUSED      ; Untyped                                                     ;
; LPM_SVALUE             ; UNUSED      ; Untyped                                                     ;
; LPM_PORT_UPDOWN        ; PORT_UNUSED ; Untyped                                                     ;
; DEVICE_FAMILY          ; MAX 10      ; Untyped                                                     ;
; CARRY_CHAIN            ; MANUAL      ; Untyped                                                     ;
; CARRY_CHAIN_LENGTH     ; 48          ; CARRY_CHAIN_LENGTH                                          ;
; NOT_GATE_PUSH_BACK     ; ON          ; NOT_GATE_PUSH_BACK                                          ;
; CARRY_CNT_EN           ; SMART       ; Untyped                                                     ;
; LABWIDE_SCLR           ; ON          ; Untyped                                                     ;
; USE_NEW_VERSION        ; TRUE        ; Untyped                                                     ;
; CBXI_PARAMETER         ; cntr_54h    ; Untyped                                                     ;
+------------------------+-------------+-------------------------------------------------------------+
Note: In order to hide this table in the UI and the text report file, please set the "Show Parameter Settings in Synthesis Report" option in "Analysis and Synthesis Settings -> More Settings" to "Off".


+------------------------------------------------------------------------------------------------------+
; Parameter Settings for User Entity Instance: address_counter:inst4|lpm_counter:LPM_COUNTER_component ;
+------------------------+-------------+---------------------------------------------------------------+
; Parameter Name         ; Value       ; Type                                                          ;
+------------------------+-------------+---------------------------------------------------------------+
; AUTO_CARRY_CHAINS      ; ON          ; AUTO_CARRY                                                    ;
; IGNORE_CARRY_BUFFERS   ; OFF         ; IGNORE_CARRY                                                  ;
; AUTO_CASCADE_CHAINS    ; ON          ; AUTO_CASCADE                                                  ;
; IGNORE_CASCADE_BUFFERS ; OFF         ; IGNORE_CASCADE                                                ;
; LPM_WIDTH              ; 8           ; Signed Integer                                                ;
; LPM_DIRECTION          ; UP          ; Untyped                                                       ;
; LPM_MODULUS            ; 0           ; Untyped                                                       ;
; LPM_AVALUE             ; UNUSED      ; Untyped                                                       ;
; LPM_SVALUE             ; UNUSED      ; Untyped                                                       ;
; LPM_PORT_UPDOWN        ; PORT_UNUSED ; Untyped                                                       ;
; DEVICE_FAMILY          ; MAX 10      ; Untyped                                                       ;
; CARRY_CHAIN            ; MANUAL      ; Untyped                                                       ;
; CARRY_CHAIN_LENGTH     ; 48          ; CARRY_CHAIN_LENGTH                                            ;
; NOT_GATE_PUSH_BACK     ; ON          ; NOT_GATE_PUSH_BACK                                            ;
; CARRY_CNT_EN           ; SMART       ; Untyped                                                       ;
; LABWIDE_SCLR           ; ON          ; Untyped                                                       ;
; USE_NEW_VERSION        ; TRUE        ; Untyped                                                       ;
; CBXI_PARAMETER         ; cntr_44h    ; Untyped                                                       ;
+------------------------+-------------+---------------------------------------------------------------+
Note: In order to hide this table in the UI and the text report file, please set the "Show Parameter Settings in Synthesis Report" option in "Analysis and Synthesis Settings -> More Settings" to "Off".


+--------------------------------------------------------------------------------------------+
; Parameter Settings for User Entity Instance: memoryV:inst2|altsyncram:altsyncram_component ;
+------------------------------------+----------------------+--------------------------------+
; Parameter Name                     ; Value                ; Type                           ;
+------------------------------------+----------------------+--------------------------------+
; BYTE_SIZE_BLOCK                    ; 8                    ; Untyped                        ;
; AUTO_CARRY_CHAINS                  ; ON                   ; AUTO_CARRY                     ;
; IGNORE_CARRY_BUFFERS               ; OFF                  ; IGNORE_CARRY                   ;
; AUTO_CASCADE_CHAINS                ; ON                   ; AUTO_CASCADE                   ;
; IGNORE_CASCADE_BUFFERS             ; OFF                  ; IGNORE_CASCADE                 ;
; WIDTH_BYTEENA                      ; 1                    ; Untyped                        ;
; OPERATION_MODE                     ; ROM                  ; Untyped                        ;
; WIDTH_A                            ; 8                    ; Signed Integer                 ;
; WIDTHAD_A                          ; 8                    ; Signed Integer                 ;
; NUMWORDS_A                         ; 256                  ; Signed Integer                 ;
; OUTDATA_REG_A                      ; CLOCK0               ; Untyped                        ;
; ADDRESS_ACLR_A                     ; NONE                 ; Untyped                        ;
; OUTDATA_ACLR_A                     ; NONE                 ; Untyped                        ;
; WRCONTROL_ACLR_A                   ; NONE                 ; Untyped                        ;
; INDATA_ACLR_A                      ; NONE                 ; Untyped                        ;
; BYTEENA_ACLR_A                     ; NONE                 ; Untyped                        ;
; WIDTH_B                            ; 1                    ; Signed Integer                 ;
; WIDTHAD_B                          ; 1                    ; Signed Integer                 ;
; NUMWORDS_B                         ; 0                    ; Signed Integer                 ;
; INDATA_REG_B                       ; CLOCK1               ; Untyped                        ;
; WRCONTROL_WRADDRESS_REG_B          ; CLOCK1               ; Untyped                        ;
; RDCONTROL_REG_B                    ; CLOCK1               ; Untyped                        ;
; ADDRESS_REG_B                      ; CLOCK1               ; Untyped                        ;
; OUTDATA_REG_B                      ; UNREGISTERED         ; Untyped                        ;
; BYTEENA_REG_B                      ; CLOCK1               ; Untyped                        ;
; INDATA_ACLR_B                      ; NONE                 ; Untyped                        ;
; WRCONTROL_ACLR_B                   ; NONE                 ; Untyped                        ;
; ADDRESS_ACLR_B                     ; NONE                 ; Untyped                        ;
; OUTDATA_ACLR_B                     ; NONE                 ; Untyped                        ;
; RDCONTROL_ACLR_B                   ; NONE                 ; Untyped                        ;
; BYTEENA_ACLR_B                     ; NONE                 ; Untyped                        ;
; WIDTH_BYTEENA_A                    ; 1                    ; Signed Integer                 ;
; WIDTH_BYTEENA_B                    ; 1                    ; Signed Integer                 ;
; RAM_BLOCK_TYPE                     ; AUTO                 ; Untyped                        ;
; BYTE_SIZE                          ; 8                    ; Signed Integer                 ;
; READ_DURING_WRITE_MODE_MIXED_PORTS ; DONT_CARE            ; Untyped                        ;
; READ_DURING_WRITE_MODE_PORT_A      ; NEW_DATA_NO_NBE_READ ; Untyped                        ;
; READ_DURING_WRITE_MODE_PORT_B      ; NEW_DATA_NO_NBE_READ ; Untyped                        ;
; INIT_FILE                          ; vector_v.mif         ; Untyped                        ;
; INIT_FILE_LAYOUT                   ; PORT_A               ; Untyped                        ;
; MAXIMUM_DEPTH                      ; 0                    ; Signed Integer                 ;
; CLOCK_ENABLE_INPUT_A               ; BYPASS               ; Untyped                        ;
; CLOCK_ENABLE_INPUT_B               ; NORMAL               ; Untyped                        ;
; CLOCK_ENABLE_OUTPUT_A              ; BYPASS               ; Untyped                        ;
; CLOCK_ENABLE_OUTPUT_B              ; NORMAL               ; Untyped                        ;
; CLOCK_ENABLE_CORE_A                ; USE_INPUT_CLKEN      ; Untyped                        ;
; CLOCK_ENABLE_CORE_B                ; USE_INPUT_CLKEN      ; Untyped                        ;
; ENABLE_ECC                         ; FALSE                ; Untyped                        ;
; ECC_PIPELINE_STAGE_ENABLED         ; FALSE                ; Untyped                        ;
; WIDTH_ECCSTATUS                    ; 3                    ; Signed Integer                 ;
; DEVICE_FAMILY                      ; MAX 10               ; Untyped                        ;
; CBXI_PARAMETER                     ; altsyncram_hoq3      ; Untyped                        ;
+------------------------------------+----------------------+--------------------------------+
Note: In order to hide this table in the UI and the text report file, please set the "Show Parameter Settings in Synthesis Report" option in "Analysis and Synthesis Settings -> More Settings" to "Off".


+-------------------------------------------------------------------------------------------------+
; Parameter Settings for User Entity Instance: comparator:inst3|lpm_compare:LPM_COMPARE_component ;
+------------------------+----------+-------------------------------------------------------------+
; Parameter Name         ; Value    ; Type                                                        ;
+------------------------+----------+-------------------------------------------------------------+
; lpm_width              ; 8        ; Signed Integer                                              ;
; LPM_REPRESENTATION     ; UNSIGNED ; Untyped                                                     ;
; LPM_PIPELINE           ; 0        ; Untyped                                                     ;
; CHAIN_SIZE             ; 8        ; Untyped                                                     ;
; ONE_INPUT_IS_CONSTANT  ; YES      ; Untyped                                                     ;
; CARRY_CHAIN            ; MANUAL   ; Untyped                                                     ;
; CASCADE_CHAIN          ; MANUAL   ; Untyped                                                     ;
; CARRY_CHAIN_LENGTH     ; 48       ; CARRY_CHAIN_LENGTH                                          ;
; CASCADE_CHAIN_LENGTH   ; 2        ; CASCADE_CHAIN_LENGTH                                        ;
; DEVICE_FAMILY          ; MAX 10   ; Untyped                                                     ;
; CBXI_PARAMETER         ; cmpr_smi ; Untyped                                                     ;
; AUTO_CARRY_CHAINS      ; ON       ; AUTO_CARRY                                                  ;
; IGNORE_CARRY_BUFFERS   ; OFF      ; IGNORE_CARRY                                                ;
; AUTO_CASCADE_CHAINS    ; ON       ; AUTO_CASCADE                                                ;
; IGNORE_CASCADE_BUFFERS ; OFF      ; IGNORE_CASCADE                                              ;
+------------------------+----------+-------------------------------------------------------------+
Note: In order to hide this table in the UI and the text report file, please set the "Show Parameter Settings in Synthesis Report" option in "Analysis and Synthesis Settings -> More Settings" to "Off".


+---------------------------------------------------------------------------------------------------------------------------------+
; Parameter Settings for Inferred Entity Instance: sld_signaltap:auto_signaltap_0                                                 ;
+-------------------------------------------------+--------------------------------------------------------------+----------------+
; Parameter Name                                  ; Value                                                        ; Type           ;
+-------------------------------------------------+--------------------------------------------------------------+----------------+
; lpm_type                                        ; sld_signaltap                                                ; String         ;
; sld_node_info                                   ; 805334528                                                    ; Untyped        ;
; SLD_SECTION_ID                                  ; hdl_signaltap_0                                              ; String         ;
; SLD_IP_VERSION                                  ; 6                                                            ; Signed Integer ;
; SLD_IP_MINOR_VERSION                            ; 0                                                            ; Signed Integer ;
; SLD_COMMON_IP_VERSION                           ; 0                                                            ; Signed Integer ;
; sld_data_bits                                   ; 17                                                           ; Untyped        ;
; sld_trigger_bits                                ; 1                                                            ; Untyped        ;
; SLD_NODE_CRC_BITS                               ; 32                                                           ; Signed Integer ;
; SLD_NODE_CRC_HIWORD                             ; 41394                                                        ; Signed Integer ;
; SLD_NODE_CRC_LOWORD                             ; 50132                                                        ; Signed Integer ;
; sld_incremental_routing                         ; 1                                                            ; Untyped        ;
; sld_sample_depth                                ; 256                                                          ; Untyped        ;
; sld_segment_size                                ; 256                                                          ; Untyped        ;
; sld_ram_block_type                              ; AUTO                                                         ; Untyped        ;
; sld_state_bits                                  ; 11                                                           ; Untyped        ;
; sld_buffer_full_stop                            ; 1                                                            ; Untyped        ;
; SLD_MEM_ADDRESS_BITS                            ; 7                                                            ; Signed Integer ;
; SLD_DATA_BIT_CNTR_BITS                          ; 4                                                            ; Signed Integer ;
; sld_trigger_level                               ; 1                                                            ; Untyped        ;
; sld_trigger_in_enabled                          ; 0                                                            ; Untyped        ;
; SLD_HPS_TRIGGER_IN_ENABLED                      ; 0                                                            ; Signed Integer ;
; SLD_HPS_TRIGGER_OUT_ENABLED                     ; 0                                                            ; Signed Integer ;
; SLD_HPS_EVENT_ENABLED                           ; 0                                                            ; Signed Integer ;
; SLD_HPS_EVENT_ID                                ; 0                                                            ; Signed Integer ;
; sld_advanced_trigger_entity                     ; sld_reserved_vector_multiplier_fpga_auto_signaltap_0_1_e34b, ; Untyped        ;
; sld_trigger_level_pipeline                      ; 1                                                            ; Untyped        ;
; sld_trigger_pipeline                            ; 0                                                            ; Untyped        ;
; sld_ram_pipeline                                ; 1                                                            ; Untyped        ;
; sld_counter_pipeline                            ; 0                                                            ; Untyped        ;
; sld_enable_advanced_trigger                     ; 1                                                            ; Untyped        ;
; SLD_ADVANCED_TRIGGER_1                          ; NONE                                                         ; String         ;
; SLD_ADVANCED_TRIGGER_2                          ; NONE                                                         ; String         ;
; SLD_ADVANCED_TRIGGER_3                          ; NONE                                                         ; String         ;
; SLD_ADVANCED_TRIGGER_4                          ; NONE                                                         ; String         ;
; SLD_ADVANCED_TRIGGER_5                          ; NONE                                                         ; String         ;
; SLD_ADVANCED_TRIGGER_6                          ; NONE                                                         ; String         ;
; SLD_ADVANCED_TRIGGER_7                          ; NONE                                                         ; String         ;
; SLD_ADVANCED_TRIGGER_8                          ; NONE                                                         ; String         ;
; SLD_ADVANCED_TRIGGER_9                          ; NONE                                                         ; String         ;
; SLD_ADVANCED_TRIGGER_10                         ; NONE                                                         ; String         ;
; sld_inversion_mask_length                       ; 22                                                           ; Untyped        ;
; sld_inversion_mask                              ; 0000000000000000000000                                       ; Untyped        ;
; sld_power_up_trigger                            ; 0                                                            ; Untyped        ;
; SLD_STATE_FLOW_MGR_ENTITY                       ; state_flow_mgr_entity.vhd                                    ; String         ;
; sld_state_flow_use_generated                    ; 0                                                            ; Untyped        ;
; sld_current_resource_width                      ; 1                                                            ; Untyped        ;
; sld_attribute_mem_mode                          ; OFF                                                          ; Untyped        ;
; sld_storage_qualifier_bits                      ; 17                                                           ; Untyped        ;
; SLD_STORAGE_QUALIFIER_GAP_RECORD                ; 0                                                            ; Signed Integer ;
; SLD_STORAGE_QUALIFIER_MODE                      ; OFF                                                          ; String         ;
; SLD_STORAGE_QUALIFIER_ENABLE_ADVANCED_CONDITION ; 0                                                            ; Signed Integer ;
; sld_storage_qualifier_inversion_mask_length     ; 0                                                            ; Untyped        ;
; SLD_STORAGE_QUALIFIER_ADVANCED_CONDITION_ENTITY ; basic                                                        ; String         ;
; SLD_STORAGE_QUALIFIER_PIPELINE                  ; 0                                                            ; Signed Integer ;
; SLD_CREATE_MONITOR_INTERFACE                    ; 0                                                            ; Signed Integer ;
; SLD_USE_JTAG_SIGNAL_ADAPTER                     ; 1                                                            ; Signed Integer ;
+-------------------------------------------------+--------------------------------------------------------------+----------------+
Note: In order to hide this table in the UI and the text report file, please set the "Show Parameter Settings in Synthesis Report" option in "Analysis and Synthesis Settings -> More Settings" to "Off".


+--------------------------------------------------------------------------------------+
; lpm_mult Parameter Settings by Entity Instance                                       ;
+---------------------------------------+----------------------------------------------+
; Name                                  ; Value                                        ;
+---------------------------------------+----------------------------------------------+
; Number of entity instances            ; 1                                            ;
; Entity Instance                       ; multiplier:inst1|lpm_mult:lpm_mult_component ;
;     -- LPM_WIDTHA                     ; 8                                            ;
;     -- LPM_WIDTHB                     ; 8                                            ;
;     -- LPM_WIDTHP                     ; 16                                           ;
;     -- LPM_REPRESENTATION             ; UNSIGNED                                     ;
;     -- INPUT_A_IS_CONSTANT            ; NO                                           ;
;     -- INPUT_B_IS_CONSTANT            ; NO                                           ;
;     -- USE_EAB                        ; OFF                                          ;
;     -- DEDICATED_MULTIPLIER_CIRCUITRY ; AUTO                                         ;
;     -- INPUT_A_FIXED_VALUE            ; Bx                                           ;
;     -- INPUT_B_FIXED_VALUE            ; Bx                                           ;
+---------------------------------------+----------------------------------------------+


+-------------------------------------------------------------------------------------------+
; altsyncram Parameter Settings by Entity Instance                                          ;
+-------------------------------------------+-----------------------------------------------+
; Name                                      ; Value                                         ;
+-------------------------------------------+-----------------------------------------------+
; Number of entity instances                ; 2                                             ;
; Entity Instance                           ; memoryU:inst|altsyncram:altsyncram_component  ;
;     -- OPERATION_MODE                     ; ROM                                           ;
;     -- WIDTH_A                            ; 8                                             ;
;     -- NUMWORDS_A                         ; 256                                           ;
;     -- OUTDATA_REG_A                      ; CLOCK0                                        ;
;     -- WIDTH_B                            ; 1                                             ;
;     -- NUMWORDS_B                         ; 0                                             ;
;     -- ADDRESS_REG_B                      ; CLOCK1                                        ;
;     -- OUTDATA_REG_B                      ; UNREGISTERED                                  ;
;     -- RAM_BLOCK_TYPE                     ; AUTO                                          ;
;     -- READ_DURING_WRITE_MODE_MIXED_PORTS ; DONT_CARE                                     ;
; Entity Instance                           ; memoryV:inst2|altsyncram:altsyncram_component ;
;     -- OPERATION_MODE                     ; ROM                                           ;
;     -- WIDTH_A                            ; 8                                             ;
;     -- NUMWORDS_A                         ; 256                                           ;
;     -- OUTDATA_REG_A                      ; CLOCK0                                        ;
;     -- WIDTH_B                            ; 1                                             ;
;     -- NUMWORDS_B                         ; 0                                             ;
;     -- ADDRESS_REG_B                      ; CLOCK1                                        ;
;     -- OUTDATA_REG_B                      ; UNREGISTERED                                  ;
;     -- RAM_BLOCK_TYPE                     ; AUTO                                          ;
;     -- READ_DURING_WRITE_MODE_MIXED_PORTS ; DONT_CARE                                     ;
+-------------------------------------------+-----------------------------------------------+


+-------------------------------------------------------------------------------------------------------------------------------------------------------------------------------------------------------------------------------------------------------------------------+
; Signal Tap Logic Analyzer Settings                                                                                                                                                                                                                                      ;
+----------------+------------------+---------------------+------------------+--------------+----------+------------------------+----------------------+--------------------+-----------------------------+-----------------+------------------+--------------------------+
; Instance Index ; Instance Name    ; Trigger Input Width ; Data Input Width ; Sample Depth ; Segments ; Storage Qualifier Type ; Trigger Flow Control ; Trigger Conditions ; Advanced Trigger Conditions ; Trigger In Used ; Trigger Out Used ; Power-Up Trigger Enabled ;
+----------------+------------------+---------------------+------------------+--------------+----------+------------------------+----------------------+--------------------+-----------------------------+-----------------+------------------+--------------------------+
; 0              ; auto_signaltap_0 ; 1                   ; 17               ; 256          ; 1        ; continuous             ; sequential           ; 1                  ; 1                           ; no              ; no               ; no                       ;
+----------------+------------------+---------------------+------------------+--------------+----------+------------------------+----------------------+--------------------+-----------------------------+-----------------+------------------+--------------------------+


+-----------------------------------------------------+
; Post-Synthesis Netlist Statistics for Top Partition ;
+-----------------------+-----------------------------+
; Type                  ; Count                       ;
+-----------------------+-----------------------------+
; boundary_port         ; 19                          ;
; cycloneiii_ff         ; 17                          ;
;     plain             ; 17                          ;
; cycloneiii_lcell_comb ; 21                          ;
;     arith             ; 15                          ;
;         2 data inputs ; 15                          ;
;     normal            ; 6                           ;
;         1 data inputs ; 3                           ;
;         2 data inputs ; 1                           ;
;         4 data inputs ; 2                           ;
; cycloneiii_mac_mult   ; 1                           ;
; cycloneiii_mac_out    ; 1                           ;
; cycloneiii_ram_block  ; 16                          ;
;                       ;                             ;
; Max LUT depth         ; 3.00                        ;
; Average LUT depth     ; 0.96                        ;
+-----------------------+-----------------------------+


+--------------------------------------------------------------------------------+
; Post-Synthesis Netlist Statistics for Partition sld_signaltap:auto_signaltap_0 ;
+-----------------------+--------------------------------------------------------+
; Type                  ; Count                                                  ;
+-----------------------+--------------------------------------------------------+
; boundary_port         ; 137                                                    ;
; cycloneiii_ff         ; 444                                                    ;
;     CLR               ; 55                                                     ;
;     ENA               ; 110                                                    ;
;     ENA CLR           ; 72                                                     ;
;     ENA SCLR SLD      ; 36                                                     ;
;     ENA SLD           ; 9                                                      ;
;     SLD               ; 10                                                     ;
;     plain             ; 152                                                    ;
; cycloneiii_lcell_comb ; 330                                                    ;
;     arith             ; 71                                                     ;
;         2 data inputs ; 70                                                     ;
;         3 data inputs ; 1                                                      ;
;     normal            ; 259                                                    ;
;         0 data inputs ; 6                                                      ;
;         1 data inputs ; 5                                                      ;
;         2 data inputs ; 23                                                     ;
;         3 data inputs ; 108                                                    ;
;         4 data inputs ; 117                                                    ;
; cycloneiii_ram_block  ; 17                                                     ;
;                       ;                                                        ;
; Max LUT depth         ; 5.00                                                   ;
; Average LUT depth     ; 1.95                                                   ;
+-----------------------+--------------------------------------------------------+


+------------------------------------------------------------------+
; Post-Synthesis Netlist Statistics for Partition sld_hub:auto_hub ;
+-----------------------+------------------------------------------+
; Type                  ; Count                                    ;
+-----------------------+------------------------------------------+
; boundary_port         ; 107                                      ;
; cycloneiii_ff         ; 91                                       ;
;     CLR               ; 4                                        ;
;     ENA               ; 16                                       ;
;     ENA CLR           ; 33                                       ;
;     ENA CLR SLD       ; 1                                        ;
;     ENA SCLR          ; 5                                        ;
;     ENA SLD           ; 9                                        ;
;     SCLR              ; 7                                        ;
;     plain             ; 16                                       ;
; cycloneiii_lcell_comb ; 125                                      ;
;     arith             ; 8                                        ;
;         2 data inputs ; 8                                        ;
;     normal            ; 117                                      ;
;         0 data inputs ; 1                                        ;
;         1 data inputs ; 6                                        ;
;         2 data inputs ; 20                                       ;
;         3 data inputs ; 36                                       ;
;         4 data inputs ; 54                                       ;
;                       ;                                          ;
; Max LUT depth         ; 4.00                                     ;
; Average LUT depth     ; 1.80                                     ;
+-----------------------+------------------------------------------+


+-----------------------------------------------+
; Elapsed Time Per Partition                    ;
+--------------------------------+--------------+
; Partition Name                 ; Elapsed Time ;
+--------------------------------+--------------+
; sld_signaltap:auto_signaltap_0 ; 00:00:02     ;
; sld_hub:auto_hub               ; 00:00:01     ;
; Top                            ; 00:00:01     ;
+--------------------------------+--------------+


+----------------------------------------------------------------------------------------------------------------------------------------------------------------------------------------------------------------------------+
; Connections to In-System Debugging Instance "auto_signaltap_0"                                                                                                                                                             ;
+----------------------+---------------+-----------+--------------------------------+-------------------+----------------------------------------------------------------------------------------------------------+---------+
; Name                 ; Type          ; Status    ; Partition Name                 ; Netlist Type Used ; Actual Connection                                                                                        ; Details ;
+----------------------+---------------+-----------+--------------------------------+-------------------+----------------------------------------------------------------------------------------------------------+---------+
; GPIO[0]              ; pre-synthesis ; connected ; Top                            ; post-synthesis    ; multiplier:inst1|lpm_mult:lpm_mult_component|mult_inm:auto_generated|result[0]                           ; N/A     ;
; GPIO[10]             ; pre-synthesis ; connected ; Top                            ; post-synthesis    ; multiplier:inst1|lpm_mult:lpm_mult_component|mult_inm:auto_generated|result[10]                          ; N/A     ;
; GPIO[11]             ; pre-synthesis ; connected ; Top                            ; post-synthesis    ; multiplier:inst1|lpm_mult:lpm_mult_component|mult_inm:auto_generated|result[11]                          ; N/A     ;
; GPIO[12]             ; pre-synthesis ; connected ; Top                            ; post-synthesis    ; multiplier:inst1|lpm_mult:lpm_mult_component|mult_inm:auto_generated|result[12]                          ; N/A     ;
; GPIO[13]             ; pre-synthesis ; connected ; Top                            ; post-synthesis    ; multiplier:inst1|lpm_mult:lpm_mult_component|mult_inm:auto_generated|result[13]                          ; N/A     ;
; GPIO[14]             ; pre-synthesis ; connected ; Top                            ; post-synthesis    ; multiplier:inst1|lpm_mult:lpm_mult_component|mult_inm:auto_generated|result[14]                          ; N/A     ;
; GPIO[15]             ; pre-synthesis ; connected ; Top                            ; post-synthesis    ; multiplier:inst1|lpm_mult:lpm_mult_component|mult_inm:auto_generated|result[15]                          ; N/A     ;
; GPIO[16]             ; pre-synthesis ; connected ; Top                            ; post-synthesis    ; clock_divider:inst5|lpm_counter:LPM_COUNTER_component|cntr_54h:auto_generated|counter_reg_bit[8]         ; N/A     ;
; GPIO[1]              ; pre-synthesis ; connected ; Top                            ; post-synthesis    ; multiplier:inst1|lpm_mult:lpm_mult_component|mult_inm:auto_generated|result[1]                           ; N/A     ;
; GPIO[2]              ; pre-synthesis ; connected ; Top                            ; post-synthesis    ; multiplier:inst1|lpm_mult:lpm_mult_component|mult_inm:auto_generated|result[2]                           ; N/A     ;
; GPIO[3]              ; pre-synthesis ; connected ; Top                            ; post-synthesis    ; multiplier:inst1|lpm_mult:lpm_mult_component|mult_inm:auto_generated|result[3]                           ; N/A     ;
; GPIO[4]              ; pre-synthesis ; connected ; Top                            ; post-synthesis    ; multiplier:inst1|lpm_mult:lpm_mult_component|mult_inm:auto_generated|result[4]                           ; N/A     ;
; GPIO[5]              ; pre-synthesis ; connected ; Top                            ; post-synthesis    ; multiplier:inst1|lpm_mult:lpm_mult_component|mult_inm:auto_generated|result[5]                           ; N/A     ;
; GPIO[6]              ; pre-synthesis ; connected ; Top                            ; post-synthesis    ; multiplier:inst1|lpm_mult:lpm_mult_component|mult_inm:auto_generated|result[6]                           ; N/A     ;
; GPIO[7]              ; pre-synthesis ; connected ; Top                            ; post-synthesis    ; multiplier:inst1|lpm_mult:lpm_mult_component|mult_inm:auto_generated|result[7]                           ; N/A     ;
; GPIO[8]              ; pre-synthesis ; connected ; Top                            ; post-synthesis    ; multiplier:inst1|lpm_mult:lpm_mult_component|mult_inm:auto_generated|result[8]                           ; N/A     ;
; GPIO[9]              ; pre-synthesis ; connected ; Top                            ; post-synthesis    ; multiplier:inst1|lpm_mult:lpm_mult_component|mult_inm:auto_generated|result[9]                           ; N/A     ;
; LEDR[0]              ; pre-synthesis ; connected ; Top                            ; post-synthesis    ; comparator:inst3|lpm_compare:LPM_COMPARE_component|cmpr_smi:auto_generated|aneb_result_wire[0]~_wirecell ; N/A     ;
; LEDR[0]              ; pre-synthesis ; connected ; Top                            ; post-synthesis    ; comparator:inst3|lpm_compare:LPM_COMPARE_component|cmpr_smi:auto_generated|aneb_result_wire[0]~_wirecell ; N/A     ;
; auto_signaltap_0|gnd ; post-fitting  ; connected ; sld_signaltap:auto_signaltap_0 ; post-synthesis    ; sld_signaltap:auto_signaltap_0|~GND                                                                      ; N/A     ;
; auto_signaltap_0|gnd ; post-fitting  ; connected ; sld_signaltap:auto_signaltap_0 ; post-synthesis    ; sld_signaltap:auto_signaltap_0|~GND                                                                      ; N/A     ;
; auto_signaltap_0|gnd ; post-fitting  ; connected ; sld_signaltap:auto_signaltap_0 ; post-synthesis    ; sld_signaltap:auto_signaltap_0|~GND                                                                      ; N/A     ;
; auto_signaltap_0|gnd ; post-fitting  ; connected ; sld_signaltap:auto_signaltap_0 ; post-synthesis    ; sld_signaltap:auto_signaltap_0|~GND                                                                      ; N/A     ;
; auto_signaltap_0|gnd ; post-fitting  ; connected ; sld_signaltap:auto_signaltap_0 ; post-synthesis    ; sld_signaltap:auto_signaltap_0|~GND                                                                      ; N/A     ;
; auto_signaltap_0|gnd ; post-fitting  ; connected ; sld_signaltap:auto_signaltap_0 ; post-synthesis    ; sld_signaltap:auto_signaltap_0|~GND                                                                      ; N/A     ;
; auto_signaltap_0|gnd ; post-fitting  ; connected ; sld_signaltap:auto_signaltap_0 ; post-synthesis    ; sld_signaltap:auto_signaltap_0|~GND                                                                      ; N/A     ;
; auto_signaltap_0|gnd ; post-fitting  ; connected ; sld_signaltap:auto_signaltap_0 ; post-synthesis    ; sld_signaltap:auto_signaltap_0|~GND                                                                      ; N/A     ;
; auto_signaltap_0|gnd ; post-fitting  ; connected ; sld_signaltap:auto_signaltap_0 ; post-synthesis    ; sld_signaltap:auto_signaltap_0|~GND                                                                      ; N/A     ;
; auto_signaltap_0|gnd ; post-fitting  ; connected ; sld_signaltap:auto_signaltap_0 ; post-synthesis    ; sld_signaltap:auto_signaltap_0|~GND                                                                      ; N/A     ;
; auto_signaltap_0|gnd ; post-fitting  ; connected ; sld_signaltap:auto_signaltap_0 ; post-synthesis    ; sld_signaltap:auto_signaltap_0|~GND                                                                      ; N/A     ;
; auto_signaltap_0|gnd ; post-fitting  ; connected ; sld_signaltap:auto_signaltap_0 ; post-synthesis    ; sld_signaltap:auto_signaltap_0|~GND                                                                      ; N/A     ;
; auto_signaltap_0|gnd ; post-fitting  ; connected ; sld_signaltap:auto_signaltap_0 ; post-synthesis    ; sld_signaltap:auto_signaltap_0|~GND                                                                      ; N/A     ;
; auto_signaltap_0|gnd ; post-fitting  ; connected ; sld_signaltap:auto_signaltap_0 ; post-synthesis    ; sld_signaltap:auto_signaltap_0|~GND                                                                      ; N/A     ;
; auto_signaltap_0|gnd ; post-fitting  ; connected ; sld_signaltap:auto_signaltap_0 ; post-synthesis    ; sld_signaltap:auto_signaltap_0|~GND                                                                      ; N/A     ;
; auto_signaltap_0|vcc ; post-fitting  ; connected ; sld_signaltap:auto_signaltap_0 ; post-synthesis    ; sld_signaltap:auto_signaltap_0|~VCC                                                                      ; N/A     ;
; auto_signaltap_0|vcc ; post-fitting  ; connected ; sld_signaltap:auto_signaltap_0 ; post-synthesis    ; sld_signaltap:auto_signaltap_0|~VCC                                                                      ; N/A     ;
; auto_signaltap_0|vcc ; post-fitting  ; connected ; sld_signaltap:auto_signaltap_0 ; post-synthesis    ; sld_signaltap:auto_signaltap_0|~VCC                                                                      ; N/A     ;
; auto_signaltap_0|vcc ; post-fitting  ; connected ; sld_signaltap:auto_signaltap_0 ; post-synthesis    ; sld_signaltap:auto_signaltap_0|~VCC                                                                      ; N/A     ;
; auto_signaltap_0|vcc ; post-fitting  ; connected ; sld_signaltap:auto_signaltap_0 ; post-synthesis    ; sld_signaltap:auto_signaltap_0|~VCC                                                                      ; N/A     ;
; auto_signaltap_0|vcc ; post-fitting  ; connected ; sld_signaltap:auto_signaltap_0 ; post-synthesis    ; sld_signaltap:auto_signaltap_0|~VCC                                                                      ; N/A     ;
; auto_signaltap_0|vcc ; post-fitting  ; connected ; sld_signaltap:auto_signaltap_0 ; post-synthesis    ; sld_signaltap:auto_signaltap_0|~VCC                                                                      ; N/A     ;
; auto_signaltap_0|vcc ; post-fitting  ; connected ; sld_signaltap:auto_signaltap_0 ; post-synthesis    ; sld_signaltap:auto_signaltap_0|~VCC                                                                      ; N/A     ;
; auto_signaltap_0|vcc ; post-fitting  ; connected ; sld_signaltap:auto_signaltap_0 ; post-synthesis    ; sld_signaltap:auto_signaltap_0|~VCC                                                                      ; N/A     ;
; auto_signaltap_0|vcc ; post-fitting  ; connected ; sld_signaltap:auto_signaltap_0 ; post-synthesis    ; sld_signaltap:auto_signaltap_0|~VCC                                                                      ; N/A     ;
; auto_signaltap_0|vcc ; post-fitting  ; connected ; sld_signaltap:auto_signaltap_0 ; post-synthesis    ; sld_signaltap:auto_signaltap_0|~VCC                                                                      ; N/A     ;
; auto_signaltap_0|vcc ; post-fitting  ; connected ; sld_signaltap:auto_signaltap_0 ; post-synthesis    ; sld_signaltap:auto_signaltap_0|~VCC                                                                      ; N/A     ;
; auto_signaltap_0|vcc ; post-fitting  ; connected ; sld_signaltap:auto_signaltap_0 ; post-synthesis    ; sld_signaltap:auto_signaltap_0|~VCC                                                                      ; N/A     ;
; auto_signaltap_0|vcc ; post-fitting  ; connected ; sld_signaltap:auto_signaltap_0 ; post-synthesis    ; sld_signaltap:auto_signaltap_0|~VCC                                                                      ; N/A     ;
; auto_signaltap_0|vcc ; post-fitting  ; connected ; sld_signaltap:auto_signaltap_0 ; post-synthesis    ; sld_signaltap:auto_signaltap_0|~VCC                                                                      ; N/A     ;
; auto_signaltap_0|vcc ; post-fitting  ; connected ; sld_signaltap:auto_signaltap_0 ; post-synthesis    ; sld_signaltap:auto_signaltap_0|~VCC                                                                      ; N/A     ;
; auto_signaltap_0|vcc ; post-fitting  ; connected ; sld_signaltap:auto_signaltap_0 ; post-synthesis    ; sld_signaltap:auto_signaltap_0|~VCC                                                                      ; N/A     ;
+----------------------+---------------+-----------+--------------------------------+-------------------+----------------------------------------------------------------------------------------------------------+---------+


+-------------------------------+
; Analysis & Synthesis Messages ;
+-------------------------------+
Info: *******************************************************************
Info: Running Quartus Prime Analysis & Synthesis
    Info: Version 18.1.0 Build 625 09/12/2018 SJ Lite Edition
    Info: Processing started: Tue Apr 28 19:55:34 2026
Info: Command: quartus_map --read_settings_files=on --write_settings_files=off vector_multiplier_fpga -c vector-multiplier-fpga
Warning (18236): Number of processors has not been specified which may cause overloading on shared machines.  Set the global assignment NUM_PARALLEL_PROCESSORS in your QSF to an appropriate value for best performance.
Info (20030): Parallel compilation is enabled and will use 2 of the 2 processors detected
Info (12021): Found 2 design units, including 1 entities, in source file multiplier.vhd
    Info (12022): Found design unit 1: multiplier-SYN File: C:/Users/otavi/OneDrive/Documentos/Reconfiguravel/vector-multiplier-fpga/multiplier.vhd Line: 52
    Info (12023): Found entity 1: multiplier File: C:/Users/otavi/OneDrive/Documentos/Reconfiguravel/vector-multiplier-fpga/multiplier.vhd Line: 42
Info (12021): Found 1 design units, including 1 entities, in source file vector_multiplier_fpga.bdf
    Info (12023): Found entity 1: vector_multiplier_fpga
Info (12021): Found 2 design units, including 1 entities, in source file comparator.vhd
    Info (12022): Found design unit 1: comparator-SYN File: C:/Users/otavi/OneDrive/Documentos/Reconfiguravel/vector-multiplier-fpga/comparator.vhd Line: 51
    Info (12023): Found entity 1: comparator File: C:/Users/otavi/OneDrive/Documentos/Reconfiguravel/vector-multiplier-fpga/comparator.vhd Line: 42
Info (12127): Elaborating entity "vector_multiplier_fpga" for the top level hierarchy
Info (12128): Elaborating entity "multiplier" for hierarchy "multiplier:inst1"
Info (12128): Elaborating entity "lpm_mult" for hierarchy "multiplier:inst1|lpm_mult:lpm_mult_component" File: C:/Users/otavi/OneDrive/Documentos/Reconfiguravel/vector-multiplier-fpga/multiplier.vhd Line: 77
Info (12130): Elaborated megafunction instantiation "multiplier:inst1|lpm_mult:lpm_mult_component" File: C:/Users/otavi/OneDrive/Documentos/Reconfiguravel/vector-multiplier-fpga/multiplier.vhd Line: 77
Info (12133): Instantiated megafunction "multiplier:inst1|lpm_mult:lpm_mult_component" with the following parameter: File: C:/Users/otavi/OneDrive/Documentos/Reconfiguravel/vector-multiplier-fpga/multiplier.vhd Line: 77
    Info (12134): Parameter "lpm_hint" = "MAXIMIZE_SPEED=5"
    Info (12134): Parameter "lpm_representation" = "UNSIGNED"
    Info (12134): Parameter "lpm_type" = "LPM_MULT"
    Info (12134): Parameter "lpm_widtha" = "8"
    Info (12134): Parameter "lpm_widthb" = "8"
    Info (12134): Parameter "lpm_widthp" = "16"
Info (12021): Found 1 design units, including 1 entities, in source file db/mult_inm.tdf
    Info (12023): Found entity 1: mult_inm File: C:/Users/otavi/OneDrive/Documentos/Reconfiguravel/vector-multiplier-fpga/db/mult_inm.tdf Line: 28
Info (12128): Elaborating entity "mult_inm" for hierarchy "multiplier:inst1|lpm_mult:lpm_mult_component|mult_inm:auto_generated" File: c:/intelfpga_lite/18.1/quartus/libraries/megafunctions/lpm_mult.tdf Line: 376
Warning (12125): Using design file memoryu.vhd, which is not specified as a design file for the current project, but contains definitions for 2 design units and 1 entities in project
    Info (12022): Found design unit 1: memoryu-SYN File: C:/Users/otavi/OneDrive/Documentos/Reconfiguravel/vector-multiplier-fpga/memoryu.vhd Line: 52
    Info (12023): Found entity 1: memoryU File: C:/Users/otavi/OneDrive/Documentos/Reconfiguravel/vector-multiplier-fpga/memoryu.vhd Line: 42
Info (12128): Elaborating entity "memoryU" for hierarchy "memoryU:inst"
Info (12128): Elaborating entity "altsyncram" for hierarchy "memoryU:inst|altsyncram:altsyncram_component" File: C:/Users/otavi/OneDrive/Documentos/Reconfiguravel/vector-multiplier-fpga/memoryu.vhd Line: 59
Info (12130): Elaborated megafunction instantiation "memoryU:inst|altsyncram:altsyncram_component" File: C:/Users/otavi/OneDrive/Documentos/Reconfiguravel/vector-multiplier-fpga/memoryu.vhd Line: 59
Info (12133): Instantiated megafunction "memoryU:inst|altsyncram:altsyncram_component" with the following parameter: File: C:/Users/otavi/OneDrive/Documentos/Reconfiguravel/vector-multiplier-fpga/memoryu.vhd Line: 59
    Info (12134): Parameter "address_aclr_a" = "NONE"
    Info (12134): Parameter "address_aclr_b" = "NONE"
    Info (12134): Parameter "address_reg_b" = "CLOCK1"
    Info (12134): Parameter "byte_size" = "8"
    Info (12134): Parameter "byteena_aclr_a" = "UNUSED"
    Info (12134): Parameter "byteena_aclr_b" = "NONE"
    Info (12134): Parameter "byteena_reg_b" = "CLOCK1"
    Info (12134): Parameter "clock_enable_core_a" = "USE_INPUT_CLKEN"
    Info (12134): Parameter "clock_enable_core_b" = "USE_INPUT_CLKEN"
    Info (12134): Parameter "clock_enable_input_a" = "BYPASS"
    Info (12134): Parameter "clock_enable_input_b" = "NORMAL"
    Info (12134): Parameter "clock_enable_output_a" = "BYPASS"
    Info (12134): Parameter "clock_enable_output_b" = "NORMAL"
    Info (12134): Parameter "intended_device_family" = "MAX 10"
    Info (12134): Parameter "ecc_pipeline_stage_enabled" = "FALSE"
    Info (12134): Parameter "enable_ecc" = "FALSE"
    Info (12134): Parameter "implement_in_les" = "OFF"
    Info (12134): Parameter "indata_aclr_a" = "UNUSED"
    Info (12134): Parameter "indata_aclr_b" = "NONE"
    Info (12134): Parameter "indata_reg_b" = "CLOCK1"
    Info (12134): Parameter "init_file" = "vector_u.mif"
    Info (12134): Parameter "init_file_layout" = "PORT_A"
    Info (12134): Parameter "maximum_depth" = "0"
    Info (12134): Parameter "numwords_a" = "256"
    Info (12134): Parameter "numwords_b" = "0"
    Info (12134): Parameter "operation_mode" = "ROM"
    Info (12134): Parameter "outdata_aclr_a" = "NONE"
    Info (12134): Parameter "outdata_aclr_b" = "NONE"
    Info (12134): Parameter "outdata_reg_a" = "CLOCK0"
    Info (12134): Parameter "outdata_reg_b" = "UNREGISTERED"
    Info (12134): Parameter "power_up_uninitialized" = "FALSE"
    Info (12134): Parameter "ram_block_type" = "AUTO"
    Info (12134): Parameter "rdcontrol_aclr_b" = "NONE"
    Info (12134): Parameter "rdcontrol_reg_b" = "CLOCK1"
    Info (12134): Parameter "read_during_write_mode_mixed_ports" = "DONT_CARE"
    Info (12134): Parameter "read_during_write_mode_port_a" = "NEW_DATA_NO_NBE_READ"
    Info (12134): Parameter "read_during_write_mode_port_b" = "NEW_DATA_NO_NBE_READ"
    Info (12134): Parameter "stratixiv_m144k_allow_dual_clocks" = "ON"
    Info (12134): Parameter "width_a" = "8"
    Info (12134): Parameter "width_b" = "1"
    Info (12134): Parameter "width_byteena_a" = "1"
    Info (12134): Parameter "width_byteena_b" = "1"
    Info (12134): Parameter "width_eccstatus" = "3"
    Info (12134): Parameter "widthad_a" = "8"
    Info (12134): Parameter "widthad_b" = "1"
    Info (12134): Parameter "wrcontrol_aclr_a" = "UNUSED"
    Info (12134): Parameter "wrcontrol_aclr_b" = "NONE"
    Info (12134): Parameter "wrcontrol_wraddress_reg_b" = "CLOCK1"
    Info (12134): Parameter "lpm_hint" = "ENABLE_RUNTIME_MOD=NO"
    Info (12134): Parameter "lpm_type" = "altsyncram"
Info (12021): Found 1 design units, including 1 entities, in source file db/altsyncram_goq3.tdf
    Info (12023): Found entity 1: altsyncram_goq3 File: C:/Users/otavi/OneDrive/Documentos/Reconfiguravel/vector-multiplier-fpga/db/altsyncram_goq3.tdf Line: 27
Info (12128): Elaborating entity "altsyncram_goq3" for hierarchy "memoryU:inst|altsyncram:altsyncram_component|altsyncram_goq3:auto_generated" File: c:/intelfpga_lite/18.1/quartus/libraries/megafunctions/altsyncram.tdf Line: 791
Warning (12125): Using design file clock_divider.vhd, which is not specified as a design file for the current project, but contains definitions for 2 design units and 1 entities in project
    Info (12022): Found design unit 1: clock_divider-SYN File: C:/Users/otavi/OneDrive/Documentos/Reconfiguravel/vector-multiplier-fpga/clock_divider.vhd Line: 51
    Info (12023): Found entity 1: clock_divider File: C:/Users/otavi/OneDrive/Documentos/Reconfiguravel/vector-multiplier-fpga/clock_divider.vhd Line: 42
Info (12128): Elaborating entity "clock_divider" for hierarchy "clock_divider:inst5"
Info (12128): Elaborating entity "lpm_counter" for hierarchy "clock_divider:inst5|lpm_counter:LPM_COUNTER_component" File: C:/Users/otavi/OneDrive/Documentos/Reconfiguravel/vector-multiplier-fpga/clock_divider.vhd Line: 73
Info (12130): Elaborated megafunction instantiation "clock_divider:inst5|lpm_counter:LPM_COUNTER_component" File: C:/Users/otavi/OneDrive/Documentos/Reconfiguravel/vector-multiplier-fpga/clock_divider.vhd Line: 73
Info (12133): Instantiated megafunction "clock_divider:inst5|lpm_counter:LPM_COUNTER_component" with the following parameter: File: C:/Users/otavi/OneDrive/Documentos/Reconfiguravel/vector-multiplier-fpga/clock_divider.vhd Line: 73
    Info (12134): Parameter "lpm_direction" = "UP"
    Info (12134): Parameter "lpm_port_updown" = "PORT_UNUSED"
    Info (12134): Parameter "lpm_type" = "LPM_COUNTER"
    Info (12134): Parameter "lpm_width" = "9"
Info (12021): Found 1 design units, including 1 entities, in source file db/cntr_54h.tdf
    Info (12023): Found entity 1: cntr_54h File: C:/Users/otavi/OneDrive/Documentos/Reconfiguravel/vector-multiplier-fpga/db/cntr_54h.tdf Line: 25
Info (12128): Elaborating entity "cntr_54h" for hierarchy "clock_divider:inst5|lpm_counter:LPM_COUNTER_component|cntr_54h:auto_generated" File: c:/intelfpga_lite/18.1/quartus/libraries/megafunctions/lpm_counter.tdf Line: 258
Warning (12125): Using design file address_counter.vhd, which is not specified as a design file for the current project, but contains definitions for 2 design units and 1 entities in project
    Info (12022): Found design unit 1: address_counter-SYN File: C:/Users/otavi/OneDrive/Documentos/Reconfiguravel/vector-multiplier-fpga/address_counter.vhd Line: 51
    Info (12023): Found entity 1: address_counter File: C:/Users/otavi/OneDrive/Documentos/Reconfiguravel/vector-multiplier-fpga/address_counter.vhd Line: 42
Info (12128): Elaborating entity "address_counter" for hierarchy "address_counter:inst4"
Info (12128): Elaborating entity "lpm_counter" for hierarchy "address_counter:inst4|lpm_counter:LPM_COUNTER_component" File: C:/Users/otavi/OneDrive/Documentos/Reconfiguravel/vector-multiplier-fpga/address_counter.vhd Line: 73
Info (12130): Elaborated megafunction instantiation "address_counter:inst4|lpm_counter:LPM_COUNTER_component" File: C:/Users/otavi/OneDrive/Documentos/Reconfiguravel/vector-multiplier-fpga/address_counter.vhd Line: 73
Info (12133): Instantiated megafunction "address_counter:inst4|lpm_counter:LPM_COUNTER_component" with the following parameter: File: C:/Users/otavi/OneDrive/Documentos/Reconfiguravel/vector-multiplier-fpga/address_counter.vhd Line: 73
    Info (12134): Parameter "lpm_direction" = "UP"
    Info (12134): Parameter "lpm_port_updown" = "PORT_UNUSED"
    Info (12134): Parameter "lpm_type" = "LPM_COUNTER"
    Info (12134): Parameter "lpm_width" = "8"
Info (12021): Found 1 design units, including 1 entities, in source file db/cntr_44h.tdf
    Info (12023): Found entity 1: cntr_44h File: C:/Users/otavi/OneDrive/Documentos/Reconfiguravel/vector-multiplier-fpga/db/cntr_44h.tdf Line: 25
Info (12128): Elaborating entity "cntr_44h" for hierarchy "address_counter:inst4|lpm_counter:LPM_COUNTER_component|cntr_44h:auto_generated" File: c:/intelfpga_lite/18.1/quartus/libraries/megafunctions/lpm_counter.tdf Line: 258
Warning (12125): Using design file memoryv.vhd, which is not specified as a design file for the current project, but contains definitions for 2 design units and 1 entities in project
    Info (12022): Found design unit 1: memoryv-SYN File: C:/Users/otavi/OneDrive/Documentos/Reconfiguravel/vector-multiplier-fpga/memoryv.vhd Line: 52
    Info (12023): Found entity 1: memoryV File: C:/Users/otavi/OneDrive/Documentos/Reconfiguravel/vector-multiplier-fpga/memoryv.vhd Line: 42
Info (12128): Elaborating entity "memoryV" for hierarchy "memoryV:inst2"
Info (12128): Elaborating entity "altsyncram" for hierarchy "memoryV:inst2|altsyncram:altsyncram_component" File: C:/Users/otavi/OneDrive/Documentos/Reconfiguravel/vector-multiplier-fpga/memoryv.vhd Line: 59
Info (12130): Elaborated megafunction instantiation "memoryV:inst2|altsyncram:altsyncram_component" File: C:/Users/otavi/OneDrive/Documentos/Reconfiguravel/vector-multiplier-fpga/memoryv.vhd Line: 59
Info (12133): Instantiated megafunction "memoryV:inst2|altsyncram:altsyncram_component" with the following parameter: File: C:/Users/otavi/OneDrive/Documentos/Reconfiguravel/vector-multiplier-fpga/memoryv.vhd Line: 59
    Info (12134): Parameter "address_aclr_a" = "NONE"
    Info (12134): Parameter "address_aclr_b" = "NONE"
    Info (12134): Parameter "address_reg_b" = "CLOCK1"
    Info (12134): Parameter "byte_size" = "8"
    Info (12134): Parameter "byteena_aclr_a" = "UNUSED"
    Info (12134): Parameter "byteena_aclr_b" = "NONE"
    Info (12134): Parameter "byteena_reg_b" = "CLOCK1"
    Info (12134): Parameter "clock_enable_core_a" = "USE_INPUT_CLKEN"
    Info (12134): Parameter "clock_enable_core_b" = "USE_INPUT_CLKEN"
    Info (12134): Parameter "clock_enable_input_a" = "BYPASS"
    Info (12134): Parameter "clock_enable_input_b" = "NORMAL"
    Info (12134): Parameter "clock_enable_output_a" = "BYPASS"
    Info (12134): Parameter "clock_enable_output_b" = "NORMAL"
    Info (12134): Parameter "intended_device_family" = "MAX 10"
    Info (12134): Parameter "ecc_pipeline_stage_enabled" = "FALSE"
    Info (12134): Parameter "enable_ecc" = "FALSE"
    Info (12134): Parameter "implement_in_les" = "OFF"
    Info (12134): Parameter "indata_aclr_a" = "UNUSED"
    Info (12134): Parameter "indata_aclr_b" = "NONE"
    Info (12134): Parameter "indata_reg_b" = "CLOCK1"
    Info (12134): Parameter "init_file" = "vector_v.mif"
    Info (12134): Parameter "init_file_layout" = "PORT_A"
    Info (12134): Parameter "maximum_depth" = "0"
    Info (12134): Parameter "numwords_a" = "256"
    Info (12134): Parameter "numwords_b" = "0"
    Info (12134): Parameter "operation_mode" = "ROM"
    Info (12134): Parameter "outdata_aclr_a" = "NONE"
    Info (12134): Parameter "outdata_aclr_b" = "NONE"
    Info (12134): Parameter "outdata_reg_a" = "CLOCK0"
    Info (12134): Parameter "outdata_reg_b" = "UNREGISTERED"
    Info (12134): Parameter "power_up_uninitialized" = "FALSE"
    Info (12134): Parameter "ram_block_type" = "AUTO"
    Info (12134): Parameter "rdcontrol_aclr_b" = "NONE"
    Info (12134): Parameter "rdcontrol_reg_b" = "CLOCK1"
    Info (12134): Parameter "read_during_write_mode_mixed_ports" = "DONT_CARE"
    Info (12134): Parameter "read_during_write_mode_port_a" = "NEW_DATA_NO_NBE_READ"
    Info (12134): Parameter "read_during_write_mode_port_b" = "NEW_DATA_NO_NBE_READ"
    Info (12134): Parameter "stratixiv_m144k_allow_dual_clocks" = "ON"
    Info (12134): Parameter "width_a" = "8"
    Info (12134): Parameter "width_b" = "1"
    Info (12134): Parameter "width_byteena_a" = "1"
    Info (12134): Parameter "width_byteena_b" = "1"
    Info (12134): Parameter "width_eccstatus" = "3"
    Info (12134): Parameter "widthad_a" = "8"
    Info (12134): Parameter "widthad_b" = "1"
    Info (12134): Parameter "wrcontrol_aclr_a" = "UNUSED"
    Info (12134): Parameter "wrcontrol_aclr_b" = "NONE"
    Info (12134): Parameter "wrcontrol_wraddress_reg_b" = "CLOCK1"
    Info (12134): Parameter "lpm_hint" = "ENABLE_RUNTIME_MOD=NO"
    Info (12134): Parameter "lpm_type" = "altsyncram"
Info (12021): Found 1 design units, including 1 entities, in source file db/altsyncram_hoq3.tdf
    Info (12023): Found entity 1: altsyncram_hoq3 File: C:/Users/otavi/OneDrive/Documentos/Reconfiguravel/vector-multiplier-fpga/db/altsyncram_hoq3.tdf Line: 27
Info (12128): Elaborating entity "altsyncram_hoq3" for hierarchy "memoryV:inst2|altsyncram:altsyncram_component|altsyncram_hoq3:auto_generated" File: c:/intelfpga_lite/18.1/quartus/libraries/megafunctions/altsyncram.tdf Line: 791
Info (12128): Elaborating entity "comparator" for hierarchy "comparator:inst3"
Info (12128): Elaborating entity "lpm_compare" for hierarchy "comparator:inst3|lpm_compare:LPM_COMPARE_component" File: C:/Users/otavi/OneDrive/Documentos/Reconfiguravel/vector-multiplier-fpga/comparator.vhd Line: 78
Info (12130): Elaborated megafunction instantiation "comparator:inst3|lpm_compare:LPM_COMPARE_component" File: C:/Users/otavi/OneDrive/Documentos/Reconfiguravel/vector-multiplier-fpga/comparator.vhd Line: 78
Info (12133): Instantiated megafunction "comparator:inst3|lpm_compare:LPM_COMPARE_component" with the following parameter: File: C:/Users/otavi/OneDrive/Documentos/Reconfiguravel/vector-multiplier-fpga/comparator.vhd Line: 78
    Info (12134): Parameter "lpm_hint" = "ONE_INPUT_IS_CONSTANT=YES"
    Info (12134): Parameter "lpm_representation" = "UNSIGNED"
    Info (12134): Parameter "lpm_type" = "LPM_COMPARE"
    Info (12134): Parameter "lpm_width" = "8"
Info (12021): Found 1 design units, including 1 entities, in source file db/cmpr_smi.tdf
    Info (12023): Found entity 1: cmpr_smi File: C:/Users/otavi/OneDrive/Documentos/Reconfiguravel/vector-multiplier-fpga/db/cmpr_smi.tdf Line: 22
Info (12128): Elaborating entity "cmpr_smi" for hierarchy "comparator:inst3|lpm_compare:LPM_COMPARE_component|cmpr_smi:auto_generated" File: c:/intelfpga_lite/18.1/quartus/libraries/megafunctions/lpm_compare.tdf Line: 280
Info (12021): Found 1 design units, including 1 entities, in source file db/sld_ela_trigger_j8q.tdf
    Info (12023): Found entity 1: sld_ela_trigger_j8q File: C:/Users/otavi/OneDrive/Documentos/Reconfiguravel/vector-multiplier-fpga/db/sld_ela_trigger_j8q.tdf Line: 25
Info (12021): Found 1 design units, including 1 entities, in source file db/sld_reserved_vector_multiplier_fpga_auto_signaltap_0_1_e34b.v
    Info (12023): Found entity 1: sld_reserved_vector_multiplier_fpga_auto_signaltap_0_1_e34b File: C:/Users/otavi/OneDrive/Documentos/Reconfiguravel/vector-multiplier-fpga/db/sld_reserved_vector_multiplier_fpga_auto_signaltap_0_1_e34b.v Line: 28
Info (12021): Found 1 design units, including 1 entities, in source file db/altsyncram_2g14.tdf
    Info (12023): Found entity 1: altsyncram_2g14 File: C:/Users/otavi/OneDrive/Documentos/Reconfiguravel/vector-multiplier-fpga/db/altsyncram_2g14.tdf Line: 27
Info (12021): Found 1 design units, including 1 entities, in source file db/mux_k7c.tdf
    Info (12023): Found entity 1: mux_k7c File: C:/Users/otavi/OneDrive/Documentos/Reconfiguravel/vector-multiplier-fpga/db/mux_k7c.tdf Line: 22
Info (12021): Found 1 design units, including 1 entities, in source file db/decode_3af.tdf
    Info (12023): Found entity 1: decode_3af File: C:/Users/otavi/OneDrive/Documentos/Reconfiguravel/vector-multiplier-fpga/db/decode_3af.tdf Line: 22
Info (12021): Found 1 design units, including 1 entities, in source file db/cntr_7rh.tdf
    Info (12023): Found entity 1: cntr_7rh File: C:/Users/otavi/OneDrive/Documentos/Reconfiguravel/vector-multiplier-fpga/db/cntr_7rh.tdf Line: 27
Info (12021): Found 1 design units, including 1 entities, in source file db/cmpr_hrb.tdf
    Info (12023): Found entity 1: cmpr_hrb File: C:/Users/otavi/OneDrive/Documentos/Reconfiguravel/vector-multiplier-fpga/db/cmpr_hrb.tdf Line: 22
Info (12021): Found 1 design units, including 1 entities, in source file db/cntr_bhi.tdf
    Info (12023): Found entity 1: cntr_bhi File: C:/Users/otavi/OneDrive/Documentos/Reconfiguravel/vector-multiplier-fpga/db/cntr_bhi.tdf Line: 25
Info (12021): Found 1 design units, including 1 entities, in source file db/cntr_odi.tdf
    Info (12023): Found entity 1: cntr_odi File: C:/Users/otavi/OneDrive/Documentos/Reconfiguravel/vector-multiplier-fpga/db/cntr_odi.tdf Line: 27
Info (12021): Found 1 design units, including 1 entities, in source file db/cmpr_drb.tdf
    Info (12023): Found entity 1: cmpr_drb File: C:/Users/otavi/OneDrive/Documentos/Reconfiguravel/vector-multiplier-fpga/db/cmpr_drb.tdf Line: 22
Info (12033): Analysis and Synthesis generated Signal Tap or debug node instance "auto_signaltap_0"
Info (11170): Starting IP generation for the debug fabric: alt_sld_fab.
Info (11172): 2026.04.28.19:56:27 Progress: Loading sldecc51052/alt_sld_fab_wrapper_hw.tcl
Info (11172): Alt_sld_fab.alt_sld_fab: SLD fabric agents which did not specify prefer_host were connected to JTAG
Info (11172): Alt_sld_fab: Generating alt_sld_fab "alt_sld_fab" for QUARTUS_SYNTH
Info (11172): Alt_sld_fab: "alt_sld_fab" instantiated alt_sld_fab "alt_sld_fab"
Info (11172): Presplit: "alt_sld_fab" instantiated altera_super_splitter "presplit"
Info (11172): Splitter: "alt_sld_fab" instantiated altera_sld_splitter "splitter"
Info (11172): Sldfabric: "alt_sld_fab" instantiated altera_sld_jtag_hub "sldfabric"
Info (11172): Ident: "alt_sld_fab" instantiated altera_connection_identification_hub "ident"
Info (11172): Alt_sld_fab: Done "alt_sld_fab" with 6 modules, 6 files
Info (11171): Finished IP generation for the debug fabric: alt_sld_fab.
Info (12021): Found 1 design units, including 1 entities, in source file db/ip/sldecc51052/alt_sld_fab.v
    Info (12023): Found entity 1: alt_sld_fab File: C:/Users/otavi/OneDrive/Documentos/Reconfiguravel/vector-multiplier-fpga/db/ip/sldecc51052/alt_sld_fab.v Line: 9
Info (12021): Found 1 design units, including 1 entities, in source file db/ip/sldecc51052/submodules/alt_sld_fab_alt_sld_fab.v
    Info (12023): Found entity 1: alt_sld_fab_alt_sld_fab File: C:/Users/otavi/OneDrive/Documentos/Reconfiguravel/vector-multiplier-fpga/db/ip/sldecc51052/submodules/alt_sld_fab_alt_sld_fab.v Line: 9
Info (12021): Found 1 design units, including 1 entities, in source file db/ip/sldecc51052/submodules/alt_sld_fab_alt_sld_fab_ident.sv
    Info (12023): Found entity 1: alt_sld_fab_alt_sld_fab_ident File: C:/Users/otavi/OneDrive/Documentos/Reconfiguravel/vector-multiplier-fpga/db/ip/sldecc51052/submodules/alt_sld_fab_alt_sld_fab_ident.sv Line: 33
Info (12021): Found 1 design units, including 1 entities, in source file db/ip/sldecc51052/submodules/alt_sld_fab_alt_sld_fab_presplit.sv
    Info (12023): Found entity 1: alt_sld_fab_alt_sld_fab_presplit File: C:/Users/otavi/OneDrive/Documentos/Reconfiguravel/vector-multiplier-fpga/db/ip/sldecc51052/submodules/alt_sld_fab_alt_sld_fab_presplit.sv Line: 3
Info (12021): Found 2 design units, including 1 entities, in source file db/ip/sldecc51052/submodules/alt_sld_fab_alt_sld_fab_sldfabric.vhd
    Info (12022): Found design unit 1: alt_sld_fab_alt_sld_fab_sldfabric-rtl File: C:/Users/otavi/OneDrive/Documentos/Reconfiguravel/vector-multiplier-fpga/db/ip/sldecc51052/submodules/alt_sld_fab_alt_sld_fab_sldfabric.vhd Line: 102
    Info (12023): Found entity 1: alt_sld_fab_alt_sld_fab_sldfabric File: C:/Users/otavi/OneDrive/Documentos/Reconfiguravel/vector-multiplier-fpga/db/ip/sldecc51052/submodules/alt_sld_fab_alt_sld_fab_sldfabric.vhd Line: 11
Info (12021): Found 1 design units, including 1 entities, in source file db/ip/sldecc51052/submodules/alt_sld_fab_alt_sld_fab_splitter.sv
    Info (12023): Found entity 1: alt_sld_fab_alt_sld_fab_splitter File: C:/Users/otavi/OneDrive/Documentos/Reconfiguravel/vector-multiplier-fpga/db/ip/sldecc51052/submodules/alt_sld_fab_alt_sld_fab_splitter.sv Line: 3
Info (286031): Timing-Driven Synthesis is running on partition "Top"
Info (13000): Registers with preset signals will power-up high File: c:/intelfpga_lite/18.1/quartus/libraries/megafunctions/sld_buffer_manager.vhd Line: 356
Info (13003): DEV_CLRn pin will set, and not reset, register with preset signal due to NOT Gate Push-Back
Info (286031): Timing-Driven Synthesis is running on partition "sld_signaltap:auto_signaltap_0"
Info (13000): Registers with preset signals will power-up high File: c:/intelfpga_lite/18.1/quartus/libraries/megafunctions/sld_jtag_hub.vhd Line: 386
Info (13003): DEV_CLRn pin will set, and not reset, register with preset signal due to NOT Gate Push-Back
Info (286031): Timing-Driven Synthesis is running on partition "sld_hub:auto_hub"
Warning (20013): Ignored 24 assignments for entity "DE10_LITE_Default" -- entity does not exist in design
    Warning (20014): Assignment for entity set_instance_assignment -name PARTITION_HIERARCHY root_partition -to | -entity DE10_LITE_Default -section_id Top was ignored
    Warning (20014): Assignment for entity set_global_assignment -name PARTITION_NETLIST_TYPE SOURCE -entity DE10_LITE_Default -section_id Top was ignored
    Warning (20014): Assignment for entity set_global_assignment -name PARTITION_FITTER_PRESERVATION_LEVEL PLACEMENT_AND_ROUTING -entity DE10_LITE_Default -section_id Top was ignored
    Warning (20014): Assignment for entity set_global_assignment -name PARTITION_PRESERVE_HIGH_SPEED_TILES ON -entity DE10_LITE_Default -section_id Top was ignored
    Warning (20014): Assignment for entity set_global_assignment -name PARTITION_IGNORE_SOURCE_FILE_CHANGES OFF -entity DE10_LITE_Default -section_id Top was ignored
    Warning (20014): Assignment for entity set_global_assignment -name PARTITION_ALWAYS_USE_QXP_NETLIST OFF -entity DE10_LITE_Default -section_id Top was ignored
    Warning (20014): Assignment for entity set_global_assignment -name PARTITION_COLOR 16764057 -entity DE10_LITE_Default -section_id Top was ignored
    Warning (20014): Assignment for entity set_global_assignment -name PARTITION_IMPORT_ASSIGNMENTS ON -entity DE10_LITE_Default -section_id Top was ignored
    Warning (20014): Assignment for entity set_global_assignment -name PARTITION_IMPORT_EXISTING_ASSIGNMENTS REPLACE_CONFLICTING -entity DE10_LITE_Default -section_id Top was ignored
    Warning (20014): Assignment for entity set_global_assignment -name PARTITION_IMPORT_EXISTING_LOGICLOCK_REGIONS UPDATE_CONFLICTING -entity DE10_LITE_Default -section_id Top was ignored
    Warning (20014): Assignment for entity set_global_assignment -name PARTITION_IMPORT_PIN_ASSIGNMENTS ON -entity DE10_LITE_Default -section_id Top was ignored
    Warning (20014): Assignment for entity set_global_assignment -name PARTITION_IMPORT_PROMOTE_ASSIGNMENTS ON -entity DE10_LITE_Default -section_id Top was ignored
    Warning (20014): Assignment for entity set_global_assignment -name PARTITION_TYPE STANDARD_PARTITION -entity DE10_LITE_Default -section_id Top was ignored
    Warning (20014): Assignment for entity set_global_assignment -name ALLOW_MULTIPLE_PERSONAS OFF -entity DE10_LITE_Default -section_id Top was ignored
    Warning (20014): Assignment for entity set_global_assignment -name PARTITION_ASD_REGION_ID 1 -entity DE10_LITE_Default -section_id Top was ignored
    Warning (20014): Assignment for entity set_global_assignment -name CROSS_BOUNDARY_OPTIMIZATIONS OFF -entity DE10_LITE_Default -section_id Top was ignored
    Warning (20014): Assignment for entity set_global_assignment -name PROPAGATE_CONSTANTS_ON_INPUTS ON -entity DE10_LITE_Default -section_id Top was ignored
    Warning (20014): Assignment for entity set_global_assignment -name PROPAGATE_INVERSIONS_ON_INPUTS ON -entity DE10_LITE_Default -section_id Top was ignored
    Warning (20014): Assignment for entity set_global_assignment -name REMOVE_LOGIC_ON_UNCONNECTED_OUTPUTS ON -entity DE10_LITE_Default -section_id Top was ignored
    Warning (20014): Assignment for entity set_global_assignment -name MERGE_EQUIVALENT_INPUTS ON -entity DE10_LITE_Default -section_id Top was ignored
    Warning (20014): Assignment for entity set_global_assignment -name MERGE_EQUIVALENT_BIDIRS ON -entity DE10_LITE_Default -section_id Top was ignored
    Warning (20014): Assignment for entity set_global_assignment -name ABSORB_PATHS_FROM_OUTPUTS_TO_INPUTS ON -entity DE10_LITE_Default -section_id Top was ignored
    Warning (20014): Assignment for entity set_global_assignment -name PARTITION_EXTRACT_HARD_BLOCK_NODES ON -entity DE10_LITE_Default -section_id Top was ignored
    Warning (20014): Assignment for entity set_global_assignment -name PARTITION_ENABLE_STRICT_PRESERVATION OFF -entity DE10_LITE_Default -section_id Top was ignored
Info (35024): Successfully connected in-system debug instance "auto_signaltap_0" to all 51 required data inputs, trigger inputs, acquisition clocks, and dynamic pins
Info (16010): Generating hard_block partition "hard_block:auto_generated_inst"
    Info (16011): Adding 0 node(s), including 0 DDIO, 0 PLL, 0 transceiver and 0 LCELL
Info (21057): Implemented 805 device resources after synthesis - the final resource count might be different
    Info (21058): Implemented 4 input pins
    Info (21059): Implemented 19 output pins
    Info (21061): Implemented 747 logic cells
    Info (21064): Implemented 33 RAM segments
    Info (21062): Implemented 1 DSP elements
Info: Quartus Prime Analysis & Synthesis was successful. 0 errors, 30 warnings
    Info: Peak virtual memory: 4842 megabytes
    Info: Processing ended: Tue Apr 28 19:56:56 2026
    Info: Elapsed time: 00:01:22
    Info: Total CPU time (on all processors): 00:01:41


